id,skin_r,skin_g,skin_b,hair_r,hair_g,hair_b,lips_r,lips_g,lips_b,eyes_r,eyes_g,eyes_b,lipstick_r,lipstick_g,lipstick_b,eyeshadow0_r,eyeshadow0_g,eyeshadow0_b,eyeshadow1_r,eyeshadow1_g,eyeshadow1_b,eyeshadow2_r,eyeshadow2_g,eyeshadow2_b
Oqp-lhgDOac,160,134,137,51,40,34,148,91,121,74,87,106,163,105,103,88,56,54,128,89,81,175,142,124
_DpQTfNFE7A,154,99,71,26,23,23,154,94,82,51,41,41,184,123,112,85,61,58,113,84,75,176,131,104
lh5VYM_EWwY,194,158,142,76,58,43,181,122,128,97,92,86,177,81,98,111,73,64,153,107,89,203,168,148
MB38nvK_WVM,198,153,120,20,23,24,179,118,103,46,36,33,183,122,107,116,58,48,142,86,66,165,115,88
heQXH5nwGdE,184,138,121,37,25,27,162,79,86,55,38,41,45,41,55,102,63,53,174,129,103,219,173,155
DNW5GnSJCzU,199,140,114,57,42,43,174,96,93,96,79,66,156,79,79,89,53,53,127,78,72,167,109,92
gnBAL1-w250,147,108,90,148,122,94,131,90,84,23,19,20,143,96,93,79,58,51,119,88,78,174,135,118
ew6XNp1YFfc,181,140,123,23,22,19,163,94,100,82,72,66,161,100,102,108,82,72,130,100,89,153,118,100
9CKcZtPtLy0,184,126,104,36,32,30,181,104,99,79,62,58,185,95,94,82,56,52,115,79,69,140,95,78
36CXZWgsqec,229,183,171,66,46,45,199,113,133,62,45,52,198,101,131,81,40,49,136,70,73,195,120,124
DLH7MCURpQ8,224,162,149,39,24,25,203,107,116,88,61,60,213,120,118,70,59,78,115,88,97,165,124,125
pxrYXUYLOgs,208,163,160,108,94,77,177,106,119,86,73,70,101,36,54,70,45,48,114,83,81,151,114,108
XN0a_xJlUDY,195,181,169,17,18,20,173,128,133,84,93,96,136,30,44,67,65,66,134,126,121,180,172,160
2vV2V-jhIAw,223,172,153,31,21,19,198,129,131,101,76,66,221,136,134,93,69,66,143,110,103,191,149,134
7MC0hGCi1ow,213,146,106,9,2,0,221,116,106,87,74,58,186,100,87,67,31,13,128,71,34,196,138,100
HAd1uNdQI1A,212,155,146,95,66,58,199,109,116,92,59,56,191,107,114,122,87,90,169,120,119,170,150,117
AngNAkLVo4o,127,81,69,21,15,20,122,68,77,81,57,54,122,48,75,108,62,63,141,91,113,164,121,110
3q-mX6BYq_g,147,114,101,70,56,44,135,88,92,60,56,52,161,87,93,88,60,55,122,87,78,148,107,92
DL13Bffka4M,204,141,116,49,37,37,191,116,117,105,91,93,201,121,127,114,77,70,160,112,99,229,183,170
9nwIe07x4ws,200,117,101,26,14,13,177,68,77,54,34,31,172,69,78,86,46,38,128,72,56,159,92,71
3Y_Zt9xamWo,204,152,140,76,55,55,194,117,124,109,81,80,197,109,113,117,83,87,166,114,116,122,137,139
pnFUoYiQFoY,212,159,147,129,87,68,202,116,121,124,72,61,216,135,135,179,118,103,198,137,121,220,160,142
Ab-0VydKHU8,194,136,117,16,13,14,181,114,120,88,66,74,190,127,131,79,42,43,140,84,80,209,162,146
9qIhWS7OLVc,220,168,153,57,36,30,196,97,112,132,118,109,165,66,66,129,77,66,176,114,93,203,143,115
JuX3UgIBRoI,219,177,163,107,76,61,205,129,128,126,99,92,208,130,127,170,124,107,196,150,132,210,162,144
yUO2SI0doR8,203,157,141,51,30,23,178,101,109,108,98,92,171,78,91,105,62,56,173,124,107,221,177,158
bFRFq4mj7fs,203,152,159,141,6,60,179,80,107,80,82,99,219,131,155,116,67,75,161,114,119,192,148,152
XUMQpKCk6Ak,160,139,139,78,73,56,141,94,117,70,81,97,153,124,115,74,55,54,107,83,79,188,168,148
BHKC0YTSNnY,194,133,120,34,21,19,169,75,99,73,48,46,159,76,89,61,44,44,114,80,78,160,113,106
bFTtbgNdEoI,231,182,164,47,23,17,228,131,141,110,74,66,220,125,137,127,82,76,174,118,101,201,147,128
unjVDgf-s8I,211,152,142,50,29,25,172,80,103,74,43,42,166,70,87,72,41,38,121,77,73,161,111,104
bNYNbGKGcbw,231,205,194,183,128,125,209,137,149,77,65,73,188,120,139,149,103,100,185,156,145,241,231,223
A-vuTWHwveU,223,177,166,86,67,56,191,117,125,76,62,60,203,128,134,77,54,58,144,107,110,189,145,142
HsOGe2gkqQY,218,167,154,165,135,111,204,119,129,118,103,109,217,142,130,88,71,67,133,105,100,175,143,134
0rUMYdQMoXE,170,145,142,116,107,118,146,83,98,70,81,87,145,94,114,110,87,89,139,116,120,152,130,134
9XgEgcA2QHA,198,145,144,88,63,67,185,107,130,83,58,78,203,97,142,88,56,77,138,92,104,168,120,126
4rGBBsHUSOo,217,168,154,51,27,20,192,92,110,113,96,92,184,92,102,101,60,53,157,109,92,229,191,173
vR56SN5Or4s,190,149,134,39,30,28,149,70,78,30,23,23,141,62,67,71,46,46,118,73,66,147,101,91
zO28T3-352s,161,137,136,54,48,42,137,89,108,77,79,96,157,116,120,80,55,59,124,91,88,184,163,153
ag-dZDVZywM,179,120,121,41,29,23,150,59,87,69,47,46,162,68,89,91,59,57,147,98,93,206,147,135
AhuQItXDivk,201,140,139,44,21,16,186,94,114,86,54,50,166,93,104,54,39,38,107,74,71,199,141,133
TDo7X-4gsdI,236,187,168,33,22,22,216,125,131,94,59,55,208,124,118,91,56,52,159,89,82,197,136,123
lRbSZQbKFtg,193,143,149,29,21,25,174,97,122,122,108,123,171,81,112,75,48,64,125,81,96,163,114,126
7c5bqkKRl6s,229,175,168,48,34,31,218,117,134,108,68,65,222,127,142,153,96,85,185,127,116,214,157,146
INkY0y1Mu2Y,214,170,147,57,41,38,200,146,135,131,100,89,208,102,107,130,91,78,159,118,104,176,134,120
X4J_RrbsxRc,209,164,147,127,99,85,181,107,105,68,44,43,192,114,107,87,58,51,122,85,77,155,117,102
0L2zNXpBP3k,157,117,119,22,20,22,137,71,89,58,46,48,148,92,105,113,78,78,141,104,106,181,149,156
zpWXNfroswM,237,201,182,117,91,67,217,142,147,103,98,97,222,153,152,130,82,67,164,122,111,207,169,156
JJbpEIy3cWQ,162,104,102,43,31,36,154,79,95,93,54,76,120,31,56,101,49,55,115,58,60,129,70,69
fScqMVw91Bg,209,166,146,51,36,29,181,99,109,115,113,110,163,90,85,71,42,36,124,86,76,213,178,166
asEDnzo25Aw,206,172,156,81,68,56,195,148,152,118,117,116,174,108,115,74,55,55,113,86,83,156,121,108
kvrOEHb3SXg,188,135,120,101,68,53,160,75,73,109,75,60,157,22,35,115,68,59,151,103,90,201,157,140
Qtgsi_98QKE,199,135,122,47,29,25,165,64,91,80,58,51,171,67,95,95,63,61,156,109,104,218,156,139
Zdbe4AAhdU8,170,100,88,36,23,20,144,61,60,47,27,20,146,58,55,100,53,37,137,82,64,190,129,106
ryb-Fv9F1D8,215,174,153,57,40,34,187,114,122,82,63,60,177,83,99,89,48,44,151,99,82,186,139,120
wXPYC4267dY,199,143,135,58,31,22,178,91,105,82,58,54,171,93,106,66,48,47,115,84,77,162,115,105
399GbxRqcDM,171,121,99,29,24,21,159,87,86,75,62,53,164,91,83,89,58,51,129,86,69,159,110,88
6TJC-zQi9S8,104,81,79,48,40,39,135,109,107,57,45,48,148,103,103,71,55,54,138,111,109,152,128,127
ZS9OOYSx_Ow,230,183,157,72,45,40,217,126,130,129,105,88,216,143,138,112,76,73,167,125,113,208,163,144
-Bsv1P88nkI,201,153,147,70,54,53,187,111,118,91,65,69,177,106,103,80,58,60,132,90,88,165,115,111
KGJmEEmePQs,216,184,169,63,53,48,200,132,139,112,99,85,189,136,140,78,65,60,135,104,94,173,139,120
5XUwdZkM6N8,200,151,141,59,41,45,183,104,118,72,47,49,166,92,100,111,76,77,161,113,112,222,197,194
DmSez23GJos,213,165,147,51,34,34,195,101,107,98,78,68,193,107,107,106,61,55,172,111,100,225,187,175
asHO8fNC_yw,216,150,123,37,22,22,204,89,92,82,47,37,156,8,30,92,52,44,149,86,71,209,154,133
blDNeSQZzYs,169,131,119,90,73,51,155,91,104,85,85,88,148,102,104,73,60,57,121,96,89,145,118,107
R1NYlnoMecM,225,151,154,207,165,155,209,78,129,112,81,93,203,64,117,122,37,64,174,69,93,203,110,123
-JVMq8HxIHc,225,200,174,89,85,75,207,147,143,133,121,105,205,67,77,116,90,71,164,135,109,238,216,193
0KVvmLhye50,202,153,142,46,29,25,175,93,107,107,96,88,165,65,88,105,61,57,153,105,94,223,181,165
sSZ3sUnWxPo,220,160,137,26,16,23,219,149,152,88,56,62,129,41,78,111,59,53,158,100,78,181,122,97
22eG1ydhlB0,193,159,149,92,74,59,173,120,130,96,89,86,151,67,83,96,62,54,141,99,83,181,147,128
1WSZ3UH4nXU,200,166,148,43,37,43,183,110,116,85,72,69,185,112,116,85,59,70,142,112,105,177,151,133
y70jjbXFSJw,192,157,151,15,9,7,184,125,141,82,80,89,172,85,93,78,56,57,122,89,86,160,122,118
9YcKXs-2-pM,148,105,96,36,33,27,134,72,80,49,34,28,130,66,72,67,38,39,115,47,60,102,63,64
7O1EbEiP8Qo,197,151,135,43,25,23,166,82,93,101,92,91,177,92,84,90,68,61,167,121,99,227,186,159
_PUF3ucmlvI,198,149,130,52,34,24,165,93,98,74,53,45,170,96,105,102,69,73,158,118,111,199,186,199
JyWtEgMy1Cc,164,133,129,87,73,89,145,75,101,77,55,73,165,83,112,111,81,96,139,100,109,150,116,120
H2_Bsrql4a0,178,135,134,79,75,84,147,99,110,103,89,102,157,72,96,108,77,82,128,93,96,187,147,147
qGt1MQJyl4o,215,164,136,41,28,20,187,110,109,79,56,42,124,53,40,60,46,38,105,82,68,151,118,96
lLd71gHzmkk,212,157,153,51,32,29,184,86,109,77,46,43,157,71,92,123,45,77,177,50,95,155,100,116
5BUjG6t9DVk,218,177,184,222,79,159,196,112,137,100,96,96,232,70,115,151,96,82,70,138,71,91,203,114
di9QRM9Mgo8,205,169,161,55,44,41,182,115,126,69,51,58,180,101,119,90,64,61,150,117,111,219,189,179
9gku61frcSo,149,112,106,81,68,52,133,83,93,70,66,67,147,58,73,92,65,59,137,100,89,173,141,127
81nUdTe4iWk,203,160,152,9,2,4,199,128,140,101,95,104,197,117,123,85,55,54,147,105,101,185,143,136
ZjuZHarCX5g,225,160,144,127,94,70,211,129,137,100,67,70,190,101,114,112,69,64,140,89,80,219,161,150
0AJNMSkvrUg,177,123,96,30,23,20,176,110,108,77,57,59,200,129,124,111,74,68,153,100,78,172,118,92
4AkixypfHh8,192,136,129,91,60,53,151,60,78,66,36,33,126,13,30,103,57,53,139,86,80,172,114,105
-riNbQ04MGQ,194,134,135,40,20,19,173,72,110,80,48,51,172,71,109,90,54,68,127,75,94,149,91,107
6KT4ENqzcLI,180,140,125,140,135,112,169,105,116,78,78,80,184,70,95,81,51,46,145,100,85,167,121,105
Z54RRD713jc,237,180,145,25,15,11,213,115,112,98,61,52,222,98,115,59,53,54,105,91,90,178,132,119
976EDGIAoLU,210,174,158,102,81,61,200,151,155,117,112,107,137,59,68,91,55,56,138,98,93,189,155,145
yy2XYTVZfKg,224,175,171,49,39,43,214,123,144,106,98,111,245,43,82,110,82,93,160,119,125,197,152,153
ah8bbD3ptRM,218,152,122,25,20,18,186,99,102,76,69,77,149,30,65,71,38,35,111,65,56,161,97,79
4mBIHQf8350,221,188,183,129,135,145,205,156,167,131,141,152,185,83,94,104,45,38,149,79,69,177,108,95
9UYn7tL5Plw,215,187,163,48,46,44,197,132,123,97,85,80,204,135,129,119,82,77,153,109,96,178,139,120
2Fl80VwFo8w,194,157,132,49,42,39,170,109,109,58,43,49,173,104,109,122,97,90,178,144,125,242,212,201
EyUSxHsm1SI,198,149,147,160,139,139,181,98,121,79,57,63,181,57,89,107,60,71,161,99,107,184,125,131
8OJnlDl08cs,222,174,154,49,29,23,199,112,122,123,107,101,185,82,97,118,70,69,183,129,122,242,204,186
Yd60ITlmsys,164,131,125,59,36,29,133,72,87,55,48,46,127,75,81,62,36,39,93,57,59,121,80,78
oRhtxRb8j8M,224,174,160,168,142,124,211,127,138,128,112,111,219,131,141,136,76,66,175,113,97,203,140,122
9TzR-uFy7Gg,223,162,151,51,27,19,210,112,126,108,70,59,223,123,138,99,58,56,138,90,81,184,128,113
B8My8jgO3Vo,124,72,40,25,15,9,138,75,61,50,23,18,151,67,47,78,46,33,107,69,50,132,92,65
UIlgP3FAW3Y,205,159,152,46,34,34,184,107,120,116,101,103,183,113,123,116,78,77,144,101,97,179,132,127
zTtFNoltgRo,186,123,101,28,20,25,166,89,93,60,37,38,154,80,82,92,52,44,138,85,64,212,164,134
z-nlE_cgr1A,222,162,127,33,16,14,214,106,102,98,69,52,207,87,101,126,75,62,184,121,99,207,144,121
0tnnz2IHYHo,168,112,74,20,15,14,149,81,72,70,55,57,187,72,92,144,78,74,196,127,111,234,177,152
Z0dKtB7BmEA,210,154,131,42,33,32,198,126,128,75,58,61,172,103,108,68,51,49,109,84,80,144,111,104
jz2vX2dvFYc,167,133,112,54,44,47,153,104,100,76,64,65,159,112,107,118,94,83,145,115,98,163,132,113
cAmzABgXDWo,165,106,77,25,18,16,167,98,87,69,53,53,189,58,50,98,54,43,134,81,61,162,102,70
kTvQGSgGyoc,155,112,106,47,36,33,133,66,80,54,42,45,160,104,114,101,72,70,126,95,89,144,115,106
tL7Bd3nNR_M,175,142,145,84,47,38,145,95,119,60,44,57,165,81,126,84,64,74,138,107,119,193,164,177
yQaktZK-rkM,193,137,112,52,50,54,194,135,131,77,67,69,189,136,142,116,87,82,145,112,105,212,159,137
hd7iuqUmg4A,210,185,186,57,46,40,175,114,131,90,81,81,169,76,103,75,49,49,138,91,89,172,120,117
YZJ7f_JpuP0,216,186,170,68,64,60,176,102,113,109,97,91,208,133,150,94,75,82,138,111,113,168,138,142
ZLZvIOcatoI,234,182,160,72,47,32,218,133,137,116,90,76,201,105,126,121,72,63,167,114,95,198,145,120
ceM4SWRN7gQ,190,146,143,158,132,112,164,100,116,76,74,83,171,93,106,71,46,47,124,88,85,153,118,115
B5TnL5vam8w,187,143,129,47,38,37,178,97,109,88,67,68,169,111,112,76,50,51,120,82,81,155,115,108
WzDOozQ9bu8,162,137,134,28,25,28,143,79,94,61,50,54,149,50,91,96,64,65,135,107,106,184,167,165
cxfeofHnuEU,204,135,126,33,24,26,161,71,85,74,58,65,186,87,98,112,52,51,156,85,81,188,114,104
EPwG8SijLnY,194,144,115,53,42,36,176,110,106,102,105,119,55,26,35,75,50,54,143,100,96,200,163,146
QLROhSLD6X8,189,146,133,125,100,85,180,114,123,71,71,81,49,6,24,71,40,42,117,70,68,180,147,145
R_Ws7lxYvOM,212,129,112,48,30,27,195,70,87,84,43,42,176,37,66,123,64,58,168,94,86,196,114,101
XDpBnHj1CK0,200,166,161,34,28,27,184,122,126,92,79,81,116,71,74,114,77,73,149,106,102,176,138,133
_8fZSigEFtg,202,144,130,95,63,56,152,83,102,71,43,45,132,14,42,81,50,55,122,80,84,164,117,114
BPtY748NF8s,212,164,150,44,26,20,190,107,117,108,87,80,185,98,99,135,88,78,179,126,106,228,185,163
-GKNcT6SHH0,210,159,144,73,68,71,183,108,110,94,77,77,182,76,86,119,94,87,165,130,119,235,187,165
amqvRqBvt9Q,222,170,147,23,11,10,200,122,126,95,64,51,203,121,119,111,66,51,161,109,90,191,141,115
wJV0a3XryJg,196,133,105,40,34,30,188,97,91,98,81,68,173,65,79,93,66,58,127,89,76,157,113,95
9MOUV-nszkY,219,180,173,92,76,65,204,138,152,112,106,103,189,106,121,98,62,58,140,97,93,173,133,126
iRC09kKm5jA,206,141,109,10,2,2,181,79,84,83,63,54,210,117,147,68,38,40,123,76,77,170,110,103
gZP1UDNJWGc,203,174,166,83,67,55,190,139,152,99,94,95,185,103,106,98,70,72,146,112,109,184,152,147
ciLlnsEh5Cs,200,150,128,85,68,63,184,104,104,79,57,53,156,87,83,80,53,46,119,81,66,193,141,118
MmMD7Xhkwaw,206,156,158,147,14,82,187,105,125,99,71,77,199,119,153,102,71,81,170,123,129,197,148,150
vCl_pPr6Wt8,168,131,130,20,8,13,155,87,105,76,75,87,199,69,137,92,56,62,144,99,101,179,137,130
8YwIeGanRXw,171,123,109,48,42,43,152,81,93,78,61,54,159,80,99,123,89,83,149,109,100,205,160,149
mbie9pmas7Y,179,131,111,38,34,30,167,100,99,83,72,61,168,93,92,102,82,73,141,103,89,188,138,114
Xql3MenPRbw,217,159,129,42,24,18,196,112,107,94,64,51,207,119,114,135,84,65,162,107,82,181,128,98
yz6zyvPevOM,219,169,167,187,166,148,206,141,156,105,96,96,211,32,114,133,91,89,185,116,115,223,184,184
8RL3oCVX1cU,233,177,161,32,19,21,226,128,143,88,64,57,214,23,109,79,44,52,137,91,92,180,128,128
jo206OvXSdM,168,117,104,18,6,6,167,95,112,79,40,46,178,110,109,114,63,49,135,80,59,184,140,127
RXpBmYwAThY,197,149,141,64,46,43,186,112,118,87,61,62,198,119,119,105,72,71,154,106,104,187,133,130
iPocLiIotvg,228,167,165,34,27,39,195,100,119,101,67,79,214,111,145,113,70,87,162,105,113,239,183,179
xVsp6K07eno,189,147,157,163,99,128,167,87,115,98,73,87,170,104,115,72,33,37,122,75,83,156,107,116
YorLRJsV-LQ,245,181,146,119,84,63,218,121,114,143,112,105,202,122,113,178,116,96,239,172,146,251,186,159
fTmxv6SVUMY,232,182,166,38,25,25,219,132,136,86,54,49,121,62,76,118,74,72,165,115,111,209,156,149
-nxUdNtZTJA,195,139,114,109,61,42,176,94,92,72,44,43,187,100,103,77,41,41,122,70,67,156,94,83
naHgserY6Dw,216,161,134,42,29,31,196,101,102,107,82,65,213,121,125,123,71,62,159,104,85,187,133,111
5rDavmlmMhU,215,170,153,39,25,21,191,108,118,109,87,79,183,97,102,101,56,51,153,97,82,196,138,114
G7h_uNOZggQ,177,134,123,78,67,59,158,87,96,66,61,59,142,91,92,90,65,61,130,97,87,175,146,127
2SxDm9B1fV0,183,144,117,36,33,38,187,135,122,81,75,77,202,143,141,80,82,93,119,113,113,202,169,139
UPqO7IWxqE8,165,108,101,15,15,19,143,81,89,48,31,33,188,80,148,72,36,36,122,70,67,187,131,117
tkr5nKHqcgE,226,173,141,63,42,34,217,121,122,105,93,82,225,96,115,98,58,54,147,96,83,187,137,123
dLaEFfJLgzs,221,174,154,48,33,30,189,101,110,129,115,106,207,125,126,121,66,85,180,120,130,235,203,187
jTp9Q0agkNM,219,167,152,50,29,30,202,100,114,129,113,99,216,138,141,101,64,64,171,115,108,205,149,134
-Jsjy9uy2gE,172,120,104,54,37,42,151,90,81,83,54,53,133,76,68,101,59,55,132,83,81,169,118,104
es2nGInaFYE,167,135,133,116,98,76,148,84,101,78,80,88,160,29,56,76,51,48,128,94,88,191,161,148
arjfMFz2wGM,222,166,154,77,56,54,197,111,127,107,88,89,132,53,64,57,33,33,104,66,62,134,88,83
PAocpcvi6cU,196,154,150,113,87,70,166,91,108,100,91,93,186,107,136,94,63,67,140,101,101,183,144,139
rY7eLyJF31M,211,153,131,61,38,34,191,64,84,89,67,60,202,100,114,83,44,51,140,81,82,175,119,117
3lCmFyC-qOY,214,177,159,68,50,47,196,127,131,82,66,69,209,107,125,119,84,78,158,121,113,183,144,132
3M1avpIa-jc,221,165,134,28,16,23,202,109,112,90,71,70,191,104,107,93,57,48,153,111,90,193,147,124
udYTOrHGKnE,225,178,164,83,68,60,217,148,157,120,120,122,233,162,173,78,70,72,129,106,107,176,144,137
LkY42cH_EZw,191,139,113,59,49,41,176,99,96,61,42,38,186,111,94,86,70,66,131,101,93,160,130,119
aI_6qUsXFc0,203,166,154,106,84,62,183,116,125,107,103,100,160,86,91,82,49,45,132,88,78,190,157,143
0-EH0ydWrnw,218,168,149,36,25,24,201,122,122,93,67,59,212,137,137,152,103,82,190,138,110,211,164,138
9sfdPfojPmY,140,119,117,83,74,74,125,81,92,70,68,80,116,65,71,77,58,62,113,92,94,156,141,154
821IEaHAjgo,149,100,77,34,34,38,168,95,112,49,38,45,167,101,104,92,62,67,128,81,81,172,126,113
ipmYV--RAbY,212,158,144,113,85,74,169,72,86,67,42,37,168,87,84,94,47,45,134,80,71,176,124,108
3eFAY88hks8,203,171,166,56,50,59,176,116,125,95,63,64,181,120,123,103,59,63,158,103,103,190,143,135
TjlZ0SQgQas,172,124,102,39,28,23,159,73,82,77,72,83,112,26,35,77,27,30,121,49,47,162,93,76
RAPAyPRcxh0,170,138,132,102,83,68,163,103,118,81,93,104,81,91,106,76,51,47,114,78,70,142,104,90
KQkleyb3WKI,175,128,110,109,73,55,147,94,87,80,50,46,166,112,107,117,60,71,144,92,88,166,113,107
yqcWpmgdMbA,211,178,154,194,186,170,195,142,133,117,111,95,197,133,118,118,70,53,167,114,91,191,154,128
bBLHE0ME-GA,230,189,186,72,61,63,216,143,159,159,139,142,190,120,125,120,86,83,165,117,110,188,138,128
wwOrpIAqTJY,202,148,122,62,43,39,188,115,108,125,82,67,162,70,80,96,66,56,142,101,83,197,149,119
EXcIvkWtjqM,219,166,146,52,33,28,192,108,115,118,109,106,199,120,120,105,67,57,161,115,97,232,187,163
hYX9D8nfSFU,178,125,125,180,138,144,151,76,89,66,38,38,144,55,82,77,44,40,135,89,87,160,109,110
4sb3BtlPLNM,205,171,186,19,13,19,205,143,173,103,85,104,171,107,85,102,61,42,149,100,75,207,150,111
YMRZy55InWs,211,162,144,103,80,64,193,113,118,96,86,90,219,140,141,81,55,51,137,93,85,174,125,111
4j2ZexGZNbc,192,132,123,77,51,46,148,60,80,60,35,35,135,58,70,87,38,41,128,64,65,157,98,96
FovBkS3Y3Zs,230,190,173,26,19,21,213,126,138,74,52,57,194,116,128,91,68,69,153,120,114,193,153,143
4wj9wcLJHHU,225,172,147,0,0,0,213,120,127,99,71,76,222,143,146,70,54,68,131,98,104,233,186,171
fR8a_7r9UDM,177,138,111,77,69,49,156,73,67,77,64,47,160,89,80,118,82,54,141,103,78,199,163,142
j6UvgMLY2no,190,152,137,66,48,37,169,100,104,91,90,89,207,143,150,81,59,55,128,104,102,185,153,141
A_xz31nXm7U,231,174,147,57,30,27,210,113,114,76,43,39,214,123,122,92,53,51,152,95,77,194,136,112
MEuK5JzR8Lo,214,176,170,100,79,67,200,132,146,108,103,102,209,134,151,123,94,102,171,133,140,205,165,166
4osuWmUnU4k,192,145,118,13,10,10,181,94,94,79,61,50,190,23,43,101,71,69,161,113,105,226,193,190
unEWcDm1fok,215,186,177,97,79,63,203,146,157,102,96,94,176,112,110,147,100,87,201,159,142,210,172,155
zGu9iwBERkQ,200,150,111,171,144,110,189,115,105,70,52,46,134,30,42,99,49,36,153,81,63,179,121,88
235tvKUiZeQ,210,163,149,37,24,21,181,98,110,122,118,113,176,89,97,86,51,47,150,104,96,185,140,122
cyCZeNIBuek,231,187,183,40,31,35,217,121,137,105,79,86,199,102,114,135,91,84,172,124,114,194,147,137
Hqiv10af_Fs,202,142,120,27,15,13,198,101,110,118,107,124,228,50,64,83,46,39,156,94,72,190,123,95
xOHt59ic1ro,217,173,150,75,60,53,191,124,123,72,50,48,204,130,109,61,47,51,90,88,99,146,86,78
EGb_TN_3yZo,211,166,155,83,49,40,186,113,122,68,50,57,208,107,120,117,75,74,188,132,127,249,209,216
4Z4Pws8f4h0,215,162,142,57,39,36,184,102,112,87,60,58,177,93,103,123,82,80,167,114,106,227,181,162
4uuPT9ufcug,224,192,182,68,51,41,209,130,135,115,84,68,215,120,145,116,86,84,151,114,109,176,138,133
rnogWH650Vo,237,198,184,78,48,36,224,164,167,131,120,116,199,111,130,109,80,76,162,133,128,229,203,195
nV9Afz2aAeA,201,165,157,115,99,84,176,109,128,92,95,94,166,85,99,89,63,59,151,114,104,208,177,169
e5YR1Pd_2uI,222,194,176,95,86,78,204,132,142,113,102,89,210,45,77,134,98,99,172,133,133,201,165,157
0GzaX2781Tg,196,143,141,63,42,34,165,62,90,60,37,36,160,74,86,93,48,40,142,86,77,177,122,112
Z_d2MY13Zzs,197,148,129,38,21,14,175,94,97,111,102,94,186,78,92,118,72,61,163,111,92,199,140,114
G4L4qWjwEtk,193,132,135,134,92,81,165,65,84,88,74,79,182,21,26,109,62,58,161,105,100,225,179,176
Jqo-hXAM-lw,198,126,128,73,28,21,175,71,100,71,33,40,194,2,70,115,55,52,154,90,87,184,114,117
xkYVLcoXjrk,203,137,117,15,8,13,202,80,102,78,52,48,204,96,101,122,40,43,171,87,76,197,123,107
6k1Ig0j78po,219,173,160,104,82,74,197,116,134,116,116,131,185,99,111,106,57,58,137,80,82,176,113,106
9jLldIM3Q7Q,206,168,153,68,54,52,186,106,115,96,76,66,188,98,115,73,50,58,134,100,101,176,138,130
G0URJh2Skh8,232,182,160,61,36,25,215,144,144,116,83,70,227,74,138,88,59,52,134,93,82,176,133,115
DvkmY6-CO_Q,152,107,91,26,17,16,150,81,84,59,38,34,136,67,71,79,46,36,102,64,53,165,123,105
0cj9FsDiYT0,227,192,178,85,63,52,215,149,157,122,121,120,236,94,96,112,75,76,154,111,110,185,138,133
JTMTKocdxtA,193,162,165,122,108,99,162,98,114,79,73,75,135,101,114,83,70,79,125,110,115,144,130,134
Ys-ESr9UXnQ,210,158,132,2,2,2,209,109,114,88,74,58,203,109,107,107,62,53,170,108,85,210,148,120
cbdsF-lF6mY,225,197,184,68,53,46,210,148,154,109,83,76,224,150,168,133,89,84,166,123,117,199,156,143
8rQT3PWQoNI,195,131,126,36,30,36,201,117,132,59,41,45,138,51,75,64,38,37,122,80,75,197,150,130
jGuM01PvFII,204,174,162,105,90,71,189,138,149,111,113,112,202,132,147,87,61,62,136,97,96,178,136,129
3zPFspdDctE,191,145,137,43,30,32,170,105,112,69,44,47,164,103,107,88,53,52,127,79,76,155,106,102
f5sI5kuHryk,226,187,173,84,67,58,208,130,139,118,96,85,206,154,159,84,71,71,127,107,107,166,141,133
a_ljHu4vrTo,130,72,45,75,38,27,133,67,53,51,28,26,113,34,49,61,34,27,101,53,37,146,94,73
gmZsJESbY2Q,220,169,150,50,31,31,199,101,103,116,95,85,217,140,135,117,62,61,172,95,91,213,145,133
Eog5RGbqgKQ,170,113,91,176,148,123,139,70,69,56,43,40,143,43,56,76,50,42,107,75,62,127,90,71
ZeyFFCtyRqY,167,129,119,44,25,20,142,80,88,64,55,61,214,132,157,134,90,88,174,120,110,197,150,140
ycpRy5jFBT8,206,156,139,43,26,21,179,92,101,113,100,95,141,58,67,95,54,49,148,97,84,191,136,114
7Nd9fuj0ZTY,215,166,152,39,24,20,187,103,115,121,114,114,175,70,93,98,45,52,172,107,105,231,191,176
zhlD5Fr8GIE,189,130,117,175,147,124,171,92,100,80,59,57,144,72,75,103,59,56,142,89,84,195,136,125
IKO10VdtLFU,222,177,168,40,24,18,204,130,133,104,81,67,191,117,118,101,66,57,139,95,82,168,123,105
CK_5WkoajBc,197,156,127,31,27,24,183,110,101,68,39,34,178,113,107,89,33,32,146,65,52,172,115,90
x6xMtbJukKk,222,170,145,81,63,58,217,119,127,101,87,74,203,118,127,89,42,43,145,86,82,189,127,112
C1dKWnhfQ2E,201,142,138,54,32,27,177,77,100,84,58,54,163,82,96,106,60,61,154,93,92,205,150,143
yFEMJKOnYvg,207,140,135,119,91,80,177,84,97,73,48,46,200,105,116,99,57,51,132,76,70,154,98,90
G89IFQ2pCeU,185,148,135,111,91,70,168,107,120,100,96,97,195,119,130,98,72,71,136,102,97,169,128,117
YOMfxeBvS20,148,116,108,81,65,55,123,73,75,67,61,58,98,31,24,73,54,42,93,71,57,112,90,77
2_eCgSlPw0o,167,98,81,35,25,27,161,77,81,63,39,43,113,18,35,108,56,45,193,123,94,215,151,116
-RXs_SSl8QA,204,161,161,91,62,59,196,128,141,100,80,89,194,141,152,171,128,129,189,147,147,212,181,185
9AHUoOKMK2k,226,189,187,77,58,49,202,126,145,98,72,71,213,140,164,99,67,70,157,105,104,187,142,141
J-pOVH2Z51E,193,147,127,30,16,13,172,92,98,95,87,82,168,91,86,104,62,53,151,102,86,215,174,148
-4RXOT_UfpM,219,171,161,40,25,22,197,106,123,129,116,110,209,125,129,89,39,46,150,86,87,193,128,119
-DEUKPS0-Xo,199,161,140,95,73,57,179,113,109,110,87,69,172,92,98,144,102,85,168,128,109,186,147,127
x2iyOxHvSbo,185,152,143,85,71,60,170,113,122,92,88,89,168,95,97,89,51,48,114,78,74,147,100,92
S3YCLg0czsM,154,110,99,69,41,33,160,108,120,46,33,41,118,38,60,82,50,61,120,76,77,171,124,100
-Sqjx45bdes,206,147,132,68,52,53,186,121,126,80,55,59,193,106,117,121,79,72,164,114,102,218,166,151
qhXxDmIEZKY,216,163,143,65,59,56,195,106,113,107,86,88,198,114,124,100,70,70,149,107,103,183,135,126
qhIJo3zRi6E,177,121,121,58,38,34,149,60,86,66,44,41,158,68,95,87,57,55,125,84,80,155,108,102
VdKwN8f7-6E,235,191,173,80,50,33,215,152,155,123,90,78,229,116,146,111,77,68,170,121,106,208,161,143
KBeZG-kF18M,180,122,110,26,23,24,165,82,91,92,63,58,168,83,87,71,43,44,133,86,83,194,140,129
PwsfOz--tSQ,206,160,130,48,52,60,207,144,140,69,62,67,205,138,131,111,81,69,166,123,98,238,215,188
AZ-5arz0Vvs,202,120,112,149,129,108,180,77,92,93,50,67,159,50,68,84,46,44,118,70,66,148,89,81
GpQhFtH4lFM,177,120,109,25,9,16,175,107,121,122,88,98,67,37,46,113,66,59,142,90,76,187,141,160
QiYDujOxpCY,218,152,129,13,13,10,187,90,100,91,79,84,214,44,49,89,41,32,143,77,62,217,154,126
VqMvmyjxNzs,204,159,140,49,32,28,180,98,107,105,97,88,186,104,107,82,60,54,145,101,92,228,189,170
iKW1MNWWs7g,224,174,160,58,36,32,198,114,126,130,114,109,184,97,97,118,60,54,165,105,91,225,182,162
AxUfhFPixTQ,230,181,167,54,35,39,205,122,128,108,78,72,210,113,114,148,88,72,190,126,108,215,156,140
HtuyXrx3Nic,191,136,90,37,22,15,192,126,94,107,103,104,161,88,64,102,29,18,148,68,42,193,138,94
lnfD5QBDelQ,199,166,160,31,25,24,176,110,121,82,64,69,188,96,127,108,67,70,145,103,104,178,138,138
cKUp34lUcMI,219,176,158,75,66,68,202,122,130,81,70,82,148,82,86,135,105,97,168,135,126,195,156,140
ioDzRCCYVew,248,193,172,58,47,46,224,125,134,111,90,87,225,143,150,128,92,88,187,145,140,215,169,154
yAcXMpec8XQ,188,140,133,65,53,59,170,106,122,134,110,123,171,92,107,156,96,83,193,141,127,206,160,151
8ZJ0aeT8vQk,203,153,153,85,57,52,192,112,126,94,63,65,196,114,127,108,67,61,140,95,94,168,120,123
ymLXWooMpnY,198,149,147,18,9,9,180,92,116,78,67,63,173,95,115,85,31,43,141,78,83,176,115,117
YK38cLcM33I,198,153,141,13,6,5,190,120,127,94,88,88,211,46,60,75,48,48,128,92,87,161,122,116
9eEwbgRFxZk,202,141,130,113,76,61,178,84,100,41,15,19,174,82,106,79,36,32,138,84,76,166,106,95
ocsbJOPy9Es,199,142,137,55,32,30,164,68,85,69,54,56,138,45,51,92,44,33,117,64,49,192,147,133
bUFjrFxsGRI,190,139,137,57,41,42,159,69,94,67,49,48,167,72,90,78,48,50,147,91,90,181,123,118
f-SZA1tkViU,210,165,141,167,138,119,205,128,127,101,58,42,188,89,93,140,92,77,168,121,103,214,174,157
gP5CAebdh9I,201,170,177,128,104,94,172,111,124,68,60,67,107,25,41,88,59,59,125,93,92,151,121,124
DnmeP0hg9co,227,198,189,51,41,38,209,145,156,103,86,85,218,143,169,101,80,75,152,116,113,193,161,156
mGe2zBC1W3c,214,170,147,126,104,94,204,141,135,101,76,62,199,130,122,125,77,66,160,108,91,191,140,124
ylEXFNbL6eg,214,171,152,89,59,58,193,107,123,114,95,77,188,85,108,129,91,86,172,130,114,228,198,187
7NLMz4bGHOo,225,186,167,111,72,67,211,145,145,132,128,123,223,143,156,134,113,111,174,144,141,203,167,159
zIOsONcP3NA,211,160,140,34,19,15,189,105,110,112,97,90,187,97,96,112,58,61,165,107,105,231,189,161
9kY2Qrb1-vg,206,155,138,45,26,22,177,92,100,106,95,91,173,83,87,88,45,40,137,89,75,221,177,156
4qvEPvkGCcg,178,122,105,43,39,38,162,87,90,82,71,65,162,96,102,67,46,48,115,77,74,149,99,91
-p7OkxMODTE,218,164,133,71,44,22,190,115,109,87,65,45,194,106,105,131,77,68,204,154,49,225,172,140
XZRBxNzE2WY,226,183,165,108,87,72,219,143,160,117,112,114,229,150,145,86,57,51,151,104,89,199,149,129
YyHG-WWYVhI,215,154,149,45,26,23,183,94,114,86,59,57,149,78,89,90,53,55,146,92,91,211,153,147
h6-xqbMYzBY,136,99,92,46,32,24,123,71,77,54,54,57,133,85,92,47,39,39,77,63,62,108,90,81
1JSSRCD3UGA,191,134,119,24,22,25,166,105,107,58,40,41,194,136,119,64,48,49,98,66,63,203,156,138
bB47SXSJU8g,219,153,142,50,29,23,180,83,109,94,65,60,164,70,100,87,60,58,133,89,86,211,149,140
9X3xZfiYMmA,183,142,118,71,61,59,175,112,105,83,65,62,177,110,96,105,74,61,144,105,84,192,166,149
496MNPTu8ws,165,126,109,25,24,21,152,91,92,79,71,63,175,116,115,76,72,73,115,104,103,183,154,143
xax7IOTiVqk,195,145,133,23,14,12,169,84,94,70,56,50,186,24,81,93,63,58,131,94,85,206,169,159
yNc0a7ckgyg,207,163,163,162,140,138,182,123,139,90,71,71,155,62,96,71,15,31,108,34,54,182,115,139
dqCUU-LG61g,216,176,159,35,33,34,199,135,137,91,67,59,192,85,73,67,38,33,126,80,63,169,113,88
bMnxopJTyfE,234,176,161,180,141,114,194,109,111,81,74,74,198,105,113,116,74,68,155,103,95,186,129,122
Dc8ZSBBWp_M,179,140,143,96,77,72,153,88,96,48,39,35,134,58,73,103,62,60,126,79,81,144,98,106
3WiZQ-Ohb58,214,165,159,142,113,103,197,109,130,108,98,111,189,99,118,119,65,61,150,95,92,183,128,125
sTb5vOIuzBE,164,117,114,64,38,49,132,78,86,72,52,53,143,82,84,123,77,74,160,109,97,209,159,141
7zCYjI7bLOU,198,138,124,26,21,24,162,83,93,66,50,57,184,90,108,90,50,51,123,73,72,157,96,90
DVMOhfg7FDM,201,157,150,27,20,17,185,100,110,84,77,77,147,19,43,113,72,74,154,106,106,188,140,137
_NBUHxzG41Q,220,182,164,70,57,48,198,132,138,90,84,82,232,168,171,98,75,77,161,132,130,212,175,167
2Gn4HZrSZI0,185,117,101,51,32,23,185,97,92,106,82,78,157,77,85,84,38,41,115,61,63,204,130,126
vmk8ABekmVk,198,155,148,31,24,22,157,65,82,66,57,56,184,127,125,97,18,38,132,25,68,172,99,100
b56geqIiQ9Y,205,151,147,85,59,61,195,103,117,91,59,60,184,87,102,97,65,71,146,84,93,181,105,111
XhagLX1DXUI,204,138,119,23,16,16,169,72,86,74,61,72,181,85,86,119,49,45,152,79,72,186,113,103
AFodD98-lew,157,117,88,79,74,68,135,83,69,82,68,62,50,45,74,63,49,48,90,72,69,133,104,96
OWSA0qObvIA,213,168,134,22,11,12,209,126,118,114,93,71,206,139,129,107,66,52,146,100,79,177,132,105
wwlGSAOeDDw,228,196,183,82,76,110,224,168,172,134,137,136,237,166,171,152,124,120,190,155,151,216,178,169
iQr4iizyv0U,222,170,156,60,37,29,211,132,139,106,81,73,214,94,113,98,72,68,143,106,98,188,143,127
7PfI6isulcE,191,158,144,89,76,63,180,125,130,102,96,89,154,80,90,105,76,72,149,109,97,166,128,118
zjGHjaZCXpo,196,155,145,95,77,73,176,113,121,77,52,53,180,112,122,83,55,52,121,83,77,148,107,97
4A9hIc7YEHM,160,103,86,30,25,28,167,95,102,62,51,63,132,26,49,84,48,45,134,88,81,188,125,110
g-WIa9UHUy0,206,174,169,69,51,46,197,141,151,111,109,110,176,107,110,87,61,57,125,92,87,192,161,152
H7PbxQsgfmU,165,142,144,91,79,62,139,90,114,76,86,101,142,95,114,89,71,88,124,102,110,187,173,172
tN-bzq-YfBs,200,154,138,58,35,27,177,96,108,115,104,96,170,73,76,98,55,50,143,93,83,181,127,109
YA0yaZiXFQU,185,118,107,27,5,10,187,107,125,107,67,79,196,38,59,96,59,77,144,85,74,134,95,119
CM1txbBR2IU,205,163,145,57,42,36,181,107,110,95,70,59,177,93,94,111,46,48,139,77,74,170,119,106
YDtH1wPDTXY,208,146,135,70,42,35,170,73,95,79,48,45,158,75,81,95,50,47,134,75,70,171,111,103
wu_n2g4Om90,212,165,149,40,26,24,186,106,115,115,97,90,173,82,97,121,75,67,173,118,103,224,185,169
1FAjpWQlSR8,193,141,120,47,26,13,166,94,97,67,46,38,173,84,98,63,36,31,118,73,65,159,109,95
N15ABAiL4_8,207,142,136,139,97,74,166,82,105,64,48,68,182,87,127,127,79,90,159,105,113,185,127,131
TwxgMhCpa1M,215,163,141,185,156,126,198,125,128,127,99,90,193,117,111,88,70,66,113,94,90,146,118,113
R3VcBJ4rDO0,218,185,179,92,76,65,203,144,157,109,102,104,174,90,116,106,61,64,143,92,95,179,131,128
QLFdObaJ9bc,175,116,78,-1,-1,-1,193,125,101,110,84,72,121,60,65,101,66,63,163,105,92,226,168,122
Y5tXWR-HxIE,217,169,159,81,60,56,202,130,140,104,73,77,198,110,113,96,59,62,151,94,99,182,117,118
D4JXdHYSMwQ,180,150,143,48,38,33,160,103,120,86,67,65,157,115,116,89,64,63,127,98,94,151,122,113
9pwZP8cHfac,222,170,147,25,13,10,198,120,118,96,66,53,219,89,106,93,58,69,140,98,112,185,141,150
dcRtcaeT5JU,224,169,151,47,31,25,213,134,141,98,73,63,198,91,112,164,107,79,191,135,108,216,162,136
rqsScxRhasY,113,83,72,41,35,35,110,62,70,70,62,64,129,69,56,73,50,49,92,63,58,122,98,87
74AC_hGslZk,201,140,110,26,18,15,197,92,103,105,87,75,191,89,103,85,61,65,131,91,87,167,120,100
dSRDndvJY-c,213,156,145,66,41,38,175,77,95,67,41,36,170,88,96,113,62,62,158,102,96,186,130,118
8x4rmhsJ6AM,209,173,148,42,31,24,192,135,121,85,66,58,190,125,130,105,88,79,139,120,105,173,147,124
l65Ly7lDHg8,205,146,129,36,34,36,180,113,119,71,48,52,221,158,153,85,67,68,129,94,92,179,125,117
hCiwtInNlRk,214,179,155,93,70,56,204,147,142,113,88,88,214,153,132,96,78,74,137,108,100,219,191,171
OTK8SgXjH4g,197,154,154,18,12,18,183,115,132,49,31,36,198,130,158,83,72,84,127,116,130,159,150,173
sRnNswcosYw,210,170,151,87,60,43,183,119,117,112,89,82,188,113,109,150,104,94,173,127,114,185,140,124
VDYiY0xJcwg,217,171,153,43,28,24,189,110,117,114,105,102,118,29,50,100,62,59,147,104,95,230,189,168
alXEU3c8tis,198,140,140,81,47,42,169,69,98,64,36,34,173,65,95,100,65,60,148,99,94,176,120,115
AAtnI-xYnTY,174,116,119,30,18,21,144,68,87,47,28,35,175,101,110,83,52,76,138,79,89,107,94,141
Sib34wN4e0c,205,138,126,32,16,16,191,97,103,83,49,40,204,121,117,116,63,53,174,114,103,223,198,216
rLLTDgmfaSc,217,145,134,44,25,23,176,69,94,75,51,51,173,66,92,108,51,59,168,89,97,196,129,130
5jXxWwCbSYw,197,171,174,58,43,40,187,132,155,92,81,89,195,103,139,108,79,75,138,105,98,166,136,127
65D0MNOr4Wc,191,143,121,126,94,61,173,92,90,92,67,49,177,112,88,126,86,65,156,106,79,183,138,115
Oxw0J9iOc2k,153,104,104,54,36,32,139,74,86,47,30,33,114,36,36,73,37,36,111,64,57,129,76,63
yML0vJGeSLM,217,166,145,107,85,74,195,111,110,104,66,61,201,118,124,115,87,81,163,121,109,195,147,132
7tO0lIL_Xlk,226,172,152,50,32,25,205,128,129,103,76,65,209,147,136,77,68,72,132,103,100,170,136,128
tx7Ixy_70IU,216,153,141,47,30,29,200,110,124,107,89,92,206,128,124,93,55,56,146,92,80,174,113,97
7OAHNuE3Nw0,227,181,162,76,44,25,213,144,144,105,66,50,225,112,124,92,58,40,153,114,97,187,141,116
ZZseeHH-pq0,210,180,170,66,48,36,206,150,156,111,111,109,170,99,109,101,62,60,127,85,82,186,150,144
-WZ-M-jnSXE,218,171,149,73,43,25,188,117,109,81,79,74,187,112,106,119,72,59,168,107,88,193,141,122
_g8K2zMN478,157,130,128,132,116,115,152,113,127,74,83,112,134,64,110,58,46,52,90,72,78,122,102,105
vCJ6U7mQmYw,213,150,136,15,9,5,198,109,118,81,58,50,173,93,87,132,69,57,188,102,87,242,167,148
AUQQEldV3IA,195,135,124,20,6,10,192,68,100,86,66,61,200,60,92,102,58,55,150,91,81,182,121,108
2rk5D-ijiHE,151,111,101,34,22,21,138,62,78,62,47,41,173,116,104,66,39,33,111,73,60,145,104,87
Y0u27pbPfJo,126,75,65,65,40,33,104,46,53,54,30,31,98,19,49,69,34,35,88,50,48,111,67,59
5mMdB1SohCc,204,149,143,71,48,41,168,80,96,80,45,42,164,87,89,82,45,44,125,75,72,160,104,99
ZXGk5Zwp_7U,131,98,90,108,89,73,120,71,79,56,57,58,120,82,88,57,41,44,87,61,60,109,77,73
HajrbYT4eL0,223,169,130,23,18,7,214,117,110,132,102,75,199,115,96,94,40,27,141,77,56,182,121,93
XlAfmpKRm4c,165,112,89,40,30,25,146,74,72,81,67,55,179,114,125,76,58,58,118,88,86,160,124,117
61hO5yTnAaE,205,151,128,116,81,58,186,109,106,69,48,45,212,139,115,87,73,68,156,112,94,198,210,215
6T5OL_CAeOA,208,159,151,30,15,14,202,121,141,81,48,48,124,30,46,140,63,75,178,106,116,217,170,167
Arz7t6dkdA8,189,128,117,39,24,20,163,80,94,71,44,41,162,89,98,89,52,49,122,74,70,148,98,90
4LkVrEAUS_U,221,195,192,77,69,59,203,142,162,69,63,66,192,131,134,92,47,54,143,90,83,169,125,119
yHfKe3QlUw8,227,145,134,33,15,13,200,98,109,87,48,49,188,51,71,114,58,53,175,102,89,235,155,148
WPi8FzkGKfc,203,155,142,32,22,18,178,87,99,113,101,97,170,88,83,116,67,64,165,108,94,221,182,161
OOLXCZcpT-k,144,102,114,33,29,25,131,70,100,58,38,43,129,67,101,70,52,62,98,72,86,122,92,108
XFMjBgrwn-U,224,181,171,75,62,57,215,138,150,124,110,112,183,98,113,120,88,88,171,134,126,223,186,176
MCSRPZop90c,207,170,137,83,57,41,190,115,109,101,81,71,200,104,105,102,69,60,161,104,91,189,140,118
kAtSNsnnCHc,232,188,168,17,6,4,204,120,122,72,31,24,195,109,107,107,46,45,160,74,64,182,112,99
4zH-p8f3bUE,205,166,173,186,100,145,188,124,145,74,58,65,190,123,173,47,35,49,82,66,82,124,101,116
UqSfgKfeF5U,197,138,127,52,32,26,158,71,89,75,46,41,164,77,96,133,56,65,162,92,94,182,121,115
fV6oZmYG6fA,210,167,157,33,27,27,182,85,102,112,105,102,185,116,115,88,54,51,146,95,82,221,183,165
aNkgtbjPPko,200,165,139,90,53,31,164,100,102,88,72,59,167,89,107,101,71,66,147,111,103,212,177,166
LMbX26CPHwM,232,160,134,53,36,29,219,122,123,83,51,48,187,103,95,92,51,45,149,86,74,172,110,96
Y1tNhBbdEd8,183,129,128,45,31,32,150,63,87,61,40,42,177,76,103,96,60,61,151,99,97,199,139,132
ze4HHsokYW8,199,159,158,132,112,96,172,97,119,90,82,84,170,52,102,130,79,83,166,117,115,215,175,178
yqTPmI8yVvI,193,152,119,0,0,0,183,106,100,97,78,58,201,99,108,78,32,25,121,72,57,154,103,86
7JklkJyOHHk,150,103,69,43,34,26,142,82,65,59,39,23,122,63,42,74,40,32,93,52,46,146,100,69
YdzJYpbTKjw,211,154,153,32,25,26,192,106,119,111,92,93,165,79,86,98,51,50,133,80,77,194,137,130
1SX-19LDHGY,162,126,105,23,20,18,130,74,73,54,39,34,124,63,68,73,55,47,127,96,78,175,153,134
kUI2dj7XQuM,215,161,147,52,32,32,198,108,117,109,81,75,196,111,116,123,71,67,170,112,102,231,177,167
4m8A1lz-uwM,156,104,89,27,24,22,141,72,76,89,74,71,147,43,86,90,58,48,124,84,71,188,131,110
EVe6zujlnvI,228,172,162,71,62,58,207,120,127,86,76,77,188,102,113,131,95,94,172,130,129,242,196,195
1VgLebKIqDU,228,171,177,118,77,65,199,104,126,124,110,131,185,97,121,94,55,66,140,89,105,179,123,138
VuXbqse4oPg,210,147,133,23,8,13,194,93,107,78,49,50,189,75,89,81,38,43,135,74,76,172,106,101
yBEUdOdSH0A,186,143,132,86,66,50,171,103,115,107,99,99,171,97,108,109,76,70,142,101,88,163,119,104
jUCpkT3fRgw,140,108,99,94,63,49,134,84,94,63,40,39,189,43,47,139,82,74,189,110,98,203,130,116
byAo84pRpuo,202,153,138,0,0,0,194,91,108,88,71,67,216,125,143,85,46,55,141,85,92,186,123,120
vdOh3oI4Swc,199,155,152,82,57,54,186,116,128,83,62,66,169,99,103,71,48,50,118,80,80,158,109,110
BNG1T1M2QVg,211,146,133,58,39,34,179,82,105,81,54,54,170,81,94,96,31,40,147,60,71,172,110,107
XBcphdsB_8U,199,151,138,45,35,35,188,111,124,70,46,48,182,100,112,85,44,48,123,76,77,155,102,98
QhwAiXVwRIQ,178,127,106,27,17,23,167,83,89,74,54,50,202,87,114,108,63,50,151,98,76,177,124,103
cshNKFHC5yE,211,164,148,0,0,0,197,101,117,97,78,68,219,127,141,109,64,66,157,102,99,197,137,128
5iKlVxP9zWs,224,168,135,46,29,30,198,106,101,112,72,64,198,110,100,136,76,81,169,113,106,191,141,110
5Q7k_wbgn4Y,181,122,97,38,30,25,169,93,87,82,66,56,193,107,104,61,53,48,109,87,79,158,116,99
B_ZRjW1ZJLQ,233,174,159,71,36,19,212,127,136,114,82,72,223,132,132,144,96,85,197,133,113,214,154,135
5XWD-OGM-NI,169,124,111,95,81,73,150,76,83,70,57,65,111,55,47,88,58,57,135,94,88,178,142,131
ZotXHXSv5G8,175,130,135,153,20,68,153,70,92,68,52,56,179,104,95,81,29,27,133,66,58,171,111,102
uldr-gKPxTs,117,64,54,-1,-1,-1,108,49,56,50,39,39,121,48,56,80,36,35,185,112,102,224,173,154
mOcO_5Fpubc,216,195,127,74,57,44,207,162,124,51,61,52,214,118,114,123,93,61,166,134,87,227,207,152
7OCes9Eubxs,236,183,158,56,35,27,219,135,134,119,92,79,182,49,80,132,85,63,166,116,89,197,146,113
34Ji5T4a1_0,212,156,124,46,32,27,193,100,100,100,64,53,181,43,72,109,63,55,156,101,82,178,123,95
4DAReGP9qWg,196,158,159,33,31,34,184,111,128,105,86,87,172,25,51,94,64,65,153,103,101,208,172,170
-R8MedVbg8o,196,149,139,56,44,38,168,89,104,54,39,45,192,114,126,90,46,46,143,81,73,189,129,118
-Gm8t5Ewloc,182,138,149,53,33,36,158,84,112,74,51,61,111,23,49,118,65,67,154,94,98,200,145,153
SSRxdusrI7Q,225,179,144,10,2,2,216,127,125,119,98,77,211,135,131,93,58,56,164,114,102,203,156,133
BluCH44nrao,185,135,121,34,26,25,166,83,98,58,36,41,175,98,108,78,50,54,125,85,88,214,166,154
D7v_aBXQX7Q,195,152,137,26,12,14,189,107,121,82,62,56,171,88,108,68,43,50,139,94,93,181,131,121
BZ8xYH9pv-M,207,157,144,51,28,23,191,106,119,111,98,96,157,85,79,107,46,40,156,95,78,207,171,149
IiWTadfZkSE,220,172,154,32,31,30,186,99,102,75,60,56,173,78,81,126,83,75,155,104,90,210,162,148
G8yAukb2QT0,175,135,138,108,99,99,137,58,79,56,41,45,134,33,58,36,51,54,81,96,100,161,154,158
-NYpOJjJO4o,204,158,163,42,31,34,177,93,119,80,69,78,186,101,117,74,51,62,120,90,100,166,126,130
ofZHFrf8tp0,215,170,155,77,51,39,195,121,129,125,124,117,210,136,136,105,74,66,149,110,101,186,143,127
0PqHttuxvHs,202,156,140,49,34,31,179,99,108,106,93,93,174,73,95,107,67,61,150,106,95,185,140,122
xlsKxUy7-9o,134,120,124,49,46,38,111,76,88,59,77,93,155,93,87,66,36,30,104,66,54,131,89,73
2F0hThN2mxo,189,137,129,68,46,45,173,100,112,67,49,54,181,106,117,84,57,57,135,96,95,172,125,122
wM5XtOU1WoE,212,179,178,31,20,18,209,139,164,87,58,60,187,116,134,98,71,79,153,114,125,220,190,198
26Mp46EYinE,215,165,158,57,34,27,208,125,139,110,81,78,141,76,109,83,58,64,145,99,100,175,129,124
B8h-giS3ArE,179,133,116,52,37,31,168,81,91,88,87,100,142,41,50,114,54,50,150,84,70,169,108,89
YoDJ197OKR8,202,136,114,97,50,38,185,95,93,75,34,31,206,100,120,120,47,57,159,69,77,187,110,107
SSn8YMA6S_c,215,165,146,45,30,25,184,108,114,91,59,50,205,134,136,96,72,68,141,108,101,174,140,129
0g-6wNdtW90,187,162,155,72,63,57,174,123,143,109,139,157,186,146,163,104,80,80,145,116,113,160,136,135
d6y98dXIeBY,208,166,148,29,16,12,178,93,105,113,106,103,167,88,84,83,47,46,135,88,78,219,184,165
y3_tVfzBXu8,235,191,157,70,63,53,225,158,150,136,112,104,218,147,131,135,96,81,179,137,113,206,164,141
cy6HRXHxunY,206,147,135,72,51,41,168,79,103,74,44,38,118,18,43,75,54,48,120,82,76,164,111,105
47l8Jml7kso,155,97,81,170,151,141,138,80,83,48,38,46,168,93,97,73,39,37,167,107,96,207,155,152
oM5c2P19dwc,207,157,140,101,78,63,196,107,123,98,98,95,199,67,78,104,75,73,141,106,102,215,177,168
kw8eIQ63AUk,193,140,146,43,31,32,188,105,135,81,55,62,186,93,101,111,62,66,154,94,97,212,156,151
dFyTKBmwJXA,212,166,146,62,48,44,179,116,111,78,65,67,204,141,148,114,92,91,170,134,131,205,165,153
h-k85HkD81M,199,147,150,34,20,23,173,90,110,78,60,65,166,90,104,97,38,53,128,66,78,157,95,103
xkQLikZKi6w,210,165,152,36,23,21,184,94,109,105,87,79,174,95,94,111,59,55,166,105,93,233,189,171
60Jd6frB0WI,202,169,154,78,60,40,184,131,128,97,92,93,187,124,126,114,84,73,154,120,104,209,171,154
F0qQv-544wM,224,167,150,24,10,10,220,95,118,97,67,54,220,96,115,120,67,58,160,102,90,185,125,107
2bMFD-oPdHc,215,153,144,73,54,51,169,72,94,74,39,34,176,79,101,123,54,63,166,92,98,223,164,157
jloepAxyw58,215,170,153,74,47,32,202,114,118,107,90,82,167,50,71,88,70,60,127,96,80,161,123,104
A_xU70roNLo,222,166,130,15,3,1,205,108,109,110,105,110,217,138,118,103,59,42,163,101,74,203,144,106
nDqQpnvE5Mk,211,178,152,85,66,49,184,115,114,96,88,74,179,116,116,124,89,80,162,124,111,219,187,164
Df0v26wCZDA,224,164,141,30,19,19,219,111,119,126,107,97,209,106,131,83,45,41,149,89,76,197,129,110
4gUS874TF2M,212,163,147,42,41,38,207,126,121,95,77,75,204,138,135,159,121,109,182,139,128,226,175,163
XSg9Xc3ie_A,221,153,134,135,99,74,180,85,93,79,70,66,136,61,58,94,52,41,137,85,69,165,105,87
BPJ7ay72U0s,218,178,161,22,14,14,196,118,122,62,45,46,189,119,131,99,58,59,146,104,103,220,172,169
goPhRTXEpUw,191,138,104,21,8,4,180,88,85,97,97,100,212,136,127,153,88,47,187,123,73,225,172,126
Azg5X7Zf2Mo,207,172,154,46,35,31,184,99,109,99,77,59,189,116,125,112,74,73,145,102,95,177,137,122
KXMTneqzYGk,214,168,155,58,40,37,191,101,120,116,99,95,191,105,115,117,44,72,180,101,117,227,182,167
B3eF7RP0VvM,206,162,152,114,92,86,174,104,119,84,73,74,151,52,83,107,72,72,145,106,108,168,134,136
llbdfAwpHvw,189,152,144,92,76,67,168,87,103,85,71,65,159,71,96,95,60,57,136,92,85,165,122,111
YYmhNxkK3YY,216,188,176,121,102,78,195,139,144,103,102,100,151,63,83,89,60,57,147,109,107,180,143,136
BXOrHkDmgmo,197,132,125,72,47,45,174,81,100,84,46,49,183,96,105,64,38,43,109,67,70,151,97,97
3EuW6dgkpYU,162,119,113,67,64,72,146,101,105,83,70,79,132,71,89,103,72,76,119,86,88,168,128,124
aGGUSoO9iiU,225,129,82,141,83,48,202,78,58,121,76,49,198,88,58,90,40,13,141,61,29,178,87,44
kaAELzDi_Oc,215,172,160,133,107,83,194,123,131,121,123,117,197,121,132,75,57,57,130,99,97,173,140,136
A1CT0CwnVYg,189,126,111,29,23,21,150,62,71,58,39,43,167,68,69,81,39,33,118,58,47,142,77,64
ZtTIB_W3kYQ,220,168,141,51,38,32,207,104,115,128,103,90,57,4,12,70,36,36,117,68,61,160,103,90
erqqzolzQN8,152,112,89,33,27,25,137,65,66,57,54,58,140,21,23,48,68,56,79,110,89,169,136,117
joSQVv8xkwU,234,179,147,40,23,18,214,116,115,99,63,51,165,81,71,90,54,42,140,89,71,189,139,115
FXbKVf430es,211,154,143,33,21,22,194,103,118,107,88,89,192,106,114,92,45,40,136,78,65,169,109,95
oi3A8452dlI,146,103,94,37,32,31,131,72,81,74,48,44,158,92,97,90,65,62,118,87,82,139,106,99
_RymanXZgUI,215,181,164,44,36,31,200,139,145,84,64,59,180,53,72,120,83,71,143,108,94,177,138,121
ezRuS7H9O-c,195,149,155,35,23,28,182,106,126,126,115,132,186,41,68,99,56,67,159,96,104,175,121,129
Z2EA6KsiXBM,219,193,170,94,86,72,198,136,135,103,88,70,204,149,151,77,68,73,128,112,111,168,149,142
0EqrGpTyxYs,178,147,161,84,72,70,172,112,141,66,81,113,182,26,146,77,47,71,133,97,118,200,168,186
O7cY1_QAwE0,153,101,76,47,37,32,148,90,85,65,56,55,152,51,63,90,73,67,124,90,77,185,142,116
7ivHxCFbzjg,217,167,144,18,6,6,204,98,109,108,92,82,213,110,115,108,61,57,149,90,85,185,124,118
3sRluXLjxPw,188,144,128,38,27,24,154,76,87,94,84,78,143,11,66,98,63,57,150,109,92,208,170,151
VpCCdoyK2JY,218,183,173,102,78,63,204,141,148,113,106,108,86,30,47,78,54,56,120,86,85,153,110,107
-pkIFAjs9Tk,189,141,122,77,50,29,163,86,79,86,55,37,170,88,58,81,55,43,122,82,61,165,118,93
7FpmqK976YI,235,190,168,56,36,27,227,155,157,111,77,65,228,154,147,151,93,72,181,126,99,211,157,124
-NmUmOaoitk,176,131,114,8,5,6,160,96,105,88,56,54,126,80,83,62,44,54,103,74,72,119,89,82
SsJflEvdWyM,183,127,88,29,29,29,168,91,79,57,43,39,170,87,75,97,51,45,139,82,65,217,157,128
bqC9jYS0fPE,220,163,140,54,32,25,192,100,105,124,107,97,200,119,115,97,60,58,173,118,103,237,199,175
Y1OJ1ZC_wEQ,192,154,145,33,8,10,181,126,131,99,85,87,82,21,32,75,66,61,120,107,101,161,137,132
f9kHbvtHYzM,234,194,186,209,192,166,215,127,144,114,94,99,230,147,151,150,99,86,188,135,120,216,162,148
-dM1_zGQ2_E,200,167,161,107,83,64,185,127,138,103,99,102,186,107,123,90,65,64,147,110,104,169,128,121
6VN0cE_nfS0,232,188,174,101,82,67,215,136,143,81,68,67,205,131,129,91,64,65,155,114,113,200,156,147
8sidgZRDkVM,223,160,139,34,16,12,202,98,113,105,82,68,205,98,111,85,44,46,134,75,75,179,113,106
1rLHjbUhTMk,174,136,126,68,52,39,160,95,105,86,78,75,180,104,110,104,62,52,126,79,62,154,106,88
qy3Pr4ZGCM0,206,160,146,50,32,27,183,101,117,105,86,81,175,77,94,117,50,55,160,95,89,180,122,108
ZryhViOvQF0,181,133,115,70,59,75,142,60,74,71,55,61,165,104,121,109,73,83,163,129,114,216,207,175
Xy9OFWC9wgY,199,163,148,26,15,15,195,104,121,74,57,51,120,43,57,97,64,63,139,97,90,176,130,115
QeuCEMVzLEo,209,149,153,73,47,39,186,84,122,86,56,55,171,82,105,92,56,60,153,90,97,176,120,120
kySNCiTxa1U,209,156,148,76,51,48,175,79,105,78,48,46,134,13,45,89,29,31,148,78,70,195,111,79
-A-yHx5wDT8,167,114,108,32,27,28,150,76,85,75,53,54,147,76,85,86,51,52,122,75,74,141,89,86
eTGeYrshxwI,223,173,147,56,40,34,200,126,119,100,76,67,216,143,127,123,85,72,164,119,99,189,145,117
G7VFa30UhXQ,166,105,93,37,27,27,164,61,77,79,48,46,153,64,79,132,77,75,186,134,128,199,154,147
sJVMRcr-eug,167,139,137,79,56,52,150,95,113,77,76,80,117,54,67,102,70,71,124,93,95,169,145,151
bN9L2a3eaLg,181,115,86,36,25,23,170,86,81,86,69,62,178,88,81,87,47,33,118,69,45,144,88,61
Jwngbzv0gbY,213,160,148,171,146,116,196,105,120,116,101,96,191,102,114,148,100,89,174,127,109,196,149,128
AcOO-EOhwYo,155,112,81,99,70,43,140,88,72,64,38,27,144,75,56,102,52,37,142,88,68,189,150,132
2VJ86CpE-wo,168,135,127,66,54,41,163,114,125,86,85,83,151,98,103,70,51,46,111,86,79,132,106,97
uHTKwybJv3U,222,198,182,82,80,75,206,138,145,114,102,92,206,84,209,149,124,116,177,133,183,196,168,156
6O2sg9vo6q0,195,159,152,20,19,21,167,95,111,83,81,87,103,63,89,61,44,46,110,83,82,141,109,103
aBh4GQN3AYM,203,155,132,36,25,21,177,96,99,90,84,77,176,89,104,94,61,51,130,91,76,162,122,103
XB0RBb5sLrE,230,184,165,27,15,10,218,140,143,91,41,29,207,72,108,111,48,47,173,92,85,197,123,116
ybHGyXzTzJg,211,175,161,87,66,53,197,134,141,111,117,117,210,143,155,116,88,83,169,135,122,229,201,191
o_U5hty6YhA,195,156,134,62,62,58,180,118,107,67,58,51,176,107,101,126,93,76,162,123,103,181,140,121
H_Zt2wcY3pQ,178,133,130,132,114,107,142,91,96,61,38,40,142,30,76,140,102,100,200,159,153,216,184,178
tKGcZvehYuM,176,132,127,22,20,21,166,99,100,75,56,53,168,101,100,81,67,67,125,99,95,195,151,140
Nsg6ZDd4NfQ,220,157,146,44,28,34,195,101,110,79,47,50,210,113,121,113,66,60,160,100,88,192,129,116
C6qXG86jNS8,195,154,139,86,68,49,186,121,126,105,101,91,182,115,124,83,55,63,130,91,97,166,124,121
x-eER-3hF0Q,175,125,117,25,18,16,166,82,103,63,52,58,196,102,126,101,56,55,150,97,90,178,127,114
JvAeDICc-sY,207,157,144,63,37,23,176,99,107,77,52,42,178,105,111,80,50,46,130,89,82,163,116,106
GmNGjhrRLzQ,225,187,172,67,52,43,208,135,144,96,96,96,232,167,161,140,111,108,197,153,144,215,170,155
lTiRbPpd35g,179,142,126,36,30,28,167,114,111,78,64,58,166,104,112,67,47,45,115,83,73,141,105,96
IqkMYyW4Ljo,193,135,126,60,40,38,165,74,97,74,51,48,171,81,112,111,41,113,97,60,72,155,79,127
YqC5loCFMtk,219,171,153,116,76,62,187,116,123,64,41,40,162,64,89,106,50,51,155,94,88,177,117,104
Y3Dp-2Yc1yw,221,178,147,25,10,7,210,115,115,116,91,61,212,131,124,99,32,27,135,65,55,175,105,87
MgU7jB6RF8c,145,116,113,41,28,25,139,71,81,79,69,90,158,72,76,115,85,74,134,104,98,148,118,108
3woylIyHllI,166,136,127,134,112,98,148,94,101,91,73,64,122,54,76,101,62,60,124,86,80,151,116,103
CjdCAcRlkVU,205,148,121,147,117,90,196,97,104,107,88,88,213,106,114,108,81,78,174,123,110,206,149,125
20Cg9rQ8A3o,211,167,152,49,35,31,190,107,119,118,103,98,187,89,103,110,70,68,159,113,105,231,194,178
2SmHfiZJ7-Q,192,156,139,33,29,28,169,111,117,59,51,66,172,74,93,102,59,59,140,83,85,215,170,153
A-XQsxivmLs,227,196,186,60,46,39,209,146,155,106,100,98,207,125,141,91,72,72,150,121,117,195,161,153
9NI4Cy0zLT8,200,172,164,117,98,81,176,114,125,112,112,112,193,126,125,96,63,66,156,113,112,190,147,140
WZerlq1RYUQ,216,159,134,66,37,18,184,104,102,83,56,43,183,96,96,93,63,54,135,101,89,157,133,128
rRhPpE8dP8k,221,156,138,110,52,46,202,113,116,79,44,44,213,97,101,137,70,67,191,94,84,207,117,103
Xj2yi-ByYaY,215,172,154,124,105,103,193,121,121,91,83,85,186,106,99,127,83,79,160,113,101,177,132,122
dIDhII2sM_E,220,175,152,0,0,0,210,127,126,106,88,74,202,72,93,67,34,42,121,77,72,159,109,95
9Dfs-4lLNZM,190,148,148,96,77,77,175,107,133,80,76,93,171,97,120,108,71,83,154,107,115,219,187,197
55s33UsfWOE,208,189,172,29,29,25,186,126,130,93,76,67,193,113,127,77,63,55,126,108,97,177,156,132
1SCRb_1O8ys,212,164,146,33,18,13,180,90,102,116,101,94,181,90,108,119,60,63,165,104,101,190,140,126
yLC4ufnDr4A,107,66,52,24,25,23,93,56,51,40,36,35,97,50,50,69,47,39,134,86,69,155,110,94
J9mJ_xMZzY0,230,179,154,45,30,23,223,139,140,136,135,139,202,139,112,100,54,41,156,92,70,193,133,96
3pbzZNTAWyE,212,169,148,10,2,2,202,99,121,100,86,76,194,87,108,90,49,59,140,92,96,176,129,127
ZVWms5rdots,200,160,142,32,31,34,202,157,152,109,117,146,220,60,91,97,49,60,150,88,92,184,130,115
DklDyaXBKt0,184,142,135,90,69,63,174,109,120,68,49,56,100,31,54,81,57,70,112,79,92,142,104,115
ahkiJ6bcJRY,205,161,146,44,30,27,183,99,112,115,106,103,180,84,96,120,71,62,170,115,100,188,140,121
1WAMBm6LLgA,178,138,121,36,35,36,156,98,96,61,49,47,127,77,77,86,62,54,114,84,73,143,109,97
ti8Lm8Osl0Q,133,104,96,139,124,104,112,64,66,70,58,63,115,32,40,80,58,53,114,89,82,156,141,126
WxkVZxWjxKo,212,176,156,58,44,45,185,116,113,94,67,65,209,122,124,134,101,92,178,143,130,228,201,180
oyD38tgzlPg,148,104,98,8,5,6,119,63,68,62,49,48,194,59,85,89,60,60,126,86,84,210,139,121
0L0MIZdwwNo,211,162,141,98,65,55,194,106,117,126,126,141,164,80,87,90,57,52,139,87,68,201,160,138
7fjkcSj-ae0,209,164,153,56,45,45,181,96,106,71,41,44,181,94,110,78,46,42,127,82,75,167,120,110
DWxjfF19zjU,191,152,132,96,81,68,173,103,102,91,70,62,187,94,104,119,92,80,147,116,101,183,165,156
VvdsEF5Sisg,247,204,190,106,82,61,249,150,191,146,143,147,241,183,203,150,120,123,195,159,157,216,187,179
n4qrvT-nHEY,195,169,147,32,27,24,178,119,118,76,65,61,188,124,119,90,59,55,129,99,91,168,131,117
aTPHYbig3HU,185,108,110,40,28,33,153,73,86,68,44,50,133,77,94,78,54,68,111,77,92,142,96,111
aZQ5ej_9_Fw,235,204,178,50,45,40,221,152,151,107,90,84,229,141,145,142,105,94,184,139,123,220,176,155
ad6yFW9J56g,222,176,163,65,43,37,207,132,142,118,102,92,153,58,82,103,59,59,157,105,99,236,198,182
wkyKZjqv07M,207,159,145,74,39,24,194,118,127,90,81,83,217,131,154,109,71,71,175,123,110,239,196,190
CKKGetijynM,229,177,158,47,30,26,216,138,141,99,69,66,202,44,59,137,87,74,183,131,118,210,161,143
AQO8UfaAEtY,239,185,174,60,36,37,227,149,166,119,97,105,86,19,27,69,51,61,138,107,119,191,146,147
-9GYpCvGIgM,193,132,112,25,23,22,177,91,94,96,82,74,177,93,105,106,74,71,137,96,88,167,117,108
CJ_QDTEgyFg,198,139,128,60,39,37,156,66,81,67,42,36,138,68,69,88,44,30,145,81,65,176,109,93
ADmK3dILwk0,233,191,170,68,42,33,223,157,158,105,73,60,210,143,138,129,81,65,166,114,93,191,142,120
05wdaJ_O5VU,220,170,154,156,119,104,205,113,112,120,108,115,207,129,121,128,86,90,162,117,119,191,149,144
ftlTG8mupqg,201,162,151,99,78,58,181,121,131,107,97,96,157,89,96,76,55,55,115,80,76,143,108,103
n7SLBNwL69U,187,155,148,49,39,40,165,100,113,90,73,78,180,108,134,133,109,111,175,146,148,205,184,187
BTkz-iFIRvM,196,164,151,71,62,45,172,99,104,74,53,49,111,43,59,98,72,71,146,114,110,180,148,139
YxYfSHumwS8,183,151,125,73,48,29,145,81,81,74,69,79,174,110,122,86,63,58,139,113,104,173,145,133
h_6hBYNYaKg,187,129,133,41,30,38,157,63,92,77,51,57,136,57,87,104,49,67,139,85,96,198,142,141
qk1HFKUiVcc,169,125,112,85,62,47,159,97,105,97,91,89,163,111,112,83,67,59,130,100,89,208,186,182
7aReSVa2MzQ,183,146,133,54,39,34,171,104,121,67,52,58,47,37,44,75,56,64,105,79,85,145,112,114
XeJxCdRzDNQ,104,68,54,27,19,18,104,63,57,64,50,52,139,62,62,91,54,39,133,88,74,144,99,84
dRon60a0zZs,196,165,156,86,70,54,188,131,146,114,117,118,191,119,124,102,71,68,134,101,97,171,131,124
Yl44n3XXFCI,216,188,176,42,31,25,203,145,152,113,115,113,208,136,148,62,52,54,140,114,114,182,150,140
aFfwU_lzkIU,212,178,169,88,74,64,194,136,149,122,120,120,190,117,128,96,69,70,139,104,103,177,131,118
8de-smlrWCU,142,84,71,16,10,13,149,89,90,65,54,61,156,81,78,71,44,40,123,66,47,177,113,93
1STqHWVJw9k,181,131,108,64,46,40,167,99,95,60,41,36,168,114,96,62,40,31,120,82,67,189,139,113
23jo0GtnvlA,215,170,153,84,57,42,202,118,120,89,57,55,211,45,89,125,42,56,186,56,87,209,107,125
rua5kC6wzHs,157,134,135,133,121,105,142,90,115,78,92,108,164,123,124,65,54,43,98,81,67,132,107,88
8czmUejEfQQ,231,184,169,93,74,60,215,144,152,103,94,93,234,162,156,134,94,91,200,148,134,225,174,162
e7IIOvLEACM,226,166,132,67,47,43,219,118,125,124,99,84,222,96,119,161,92,93,200,121,116,222,156,133
6A-1LVwcz20,218,165,122,38,21,14,203,109,107,114,85,62,215,129,118,73,48,44,136,92,82,190,138,115
f9qGq34h5Ok,170,102,82,48,27,23,138,72,72,61,38,39,177,45,51,87,41,34,144,60,52,187,126,105
UdW6RjXewPw,194,162,157,69,56,45,179,124,134,98,95,94,155,96,105,86,56,58,144,105,105,201,178,176
YdoL_CCigYU,223,166,143,39,30,28,203,114,117,104,74,63,212,126,121,110,78,69,168,126,108,193,148,128
DQyGd0Zix-A,211,158,131,41,27,16,184,112,108,81,56,42,184,100,104,99,63,72,152,105,113,182,140,133
uGEyk8-Tals,151,104,93,50,43,56,140,92,94,86,67,75,139,77,85,123,77,70,163,112,96,174,127,110
AUu1RF0aoQk,117,78,55,142,118,97,109,70,53,61,44,40,49,36,27,134,93,64,153,121,27,174,142,22
AapoB_ZzmBY,191,153,131,41,27,21,169,101,99,72,49,44,206,106,103,89,55,46,142,105,94,182,139,123
8QUKgFZtQwY,224,156,138,78,57,46,205,109,113,91,73,75,205,111,98,117,49,41,176,86,71,207,130,109
8J7-IArNlr0,200,152,122,26,13,7,189,93,99,100,99,101,159,90,72,60,40,32,108,73,58,180,134,100
_azFikb77tE,234,194,181,91,73,64,215,144,153,112,109,108,214,134,153,106,72,75,162,121,122,202,158,151
AJLxMk8_Tkc,229,189,166,141,105,79,203,135,133,120,111,98,225,112,150,119,86,83,168,128,121,200,157,142
keNVcQumICc,203,160,141,20,8,9,195,108,114,98,85,71,173,66,92,108,78,66,147,113,95,172,136,116
XlGAxLaFDsk,162,144,134,63,59,52,149,123,125,74,94,111,72,9,24,98,58,46,144,102,82,166,130,105
DCCmrRdf5vk,176,128,121,75,56,52,163,91,107,64,46,51,166,107,117,79,50,54,124,80,81,181,131,121
7yISQtim-18,206,164,144,63,34,31,196,112,127,107,83,69,181,1,50,125,79,62,170,119,95,196,149,120
Jxq-mJKRORg,213,166,140,10,2,2,196,97,104,109,86,63,205,132,117,96,52,45,148,93,76,184,127,105
N6nsiiR9Fmg,242,205,205,78,55,47,229,158,183,132,104,99,243,167,209,137,97,102,174,133,137,215,176,177
G7sfcsrd-Mk,203,157,156,72,64,54,189,109,125,65,53,56,195,119,128,101,66,57,136,94,85,158,113,100
KgsvHDPldCk,238,207,195,156,128,103,227,157,164,133,96,82,218,149,158,119,90,84,175,137,129,202,168,160
X4Ul5vTJ-uk,215,162,157,97,74,73,175,82,111,85,58,58,171,81,103,34,47,59,75,85,93,131,120,119
DaBrPoZz74Y,173,125,115,140,127,121,150,80,91,92,83,83,141,74,89,140,101,98,167,126,119,169,132,125
BJK4cXSCsak,219,179,148,102,69,50,200,124,121,100,73,64,188,108,108,125,78,56,152,105,76,184,141,110
1M9vK-2f_tM,233,188,196,198,8,121,207,132,160,137,123,138,204,142,160,122,62,73,145,107,118,183,149,158
_P8ardHIoec,156,96,84,162,133,121,158,95,105,92,73,83,156,33,74,88,47,47,124,70,67,189,135,132
i1qh8h7z00k,153,93,81,38,30,35,161,95,101,54,43,58,177,96,99,87,45,51,132,74,78,187,128,121
7dF_KmZ5IQA,201,153,132,38,21,20,197,107,116,100,81,75,195,109,120,130,81,80,149,103,105,171,124,121
WN7N06d3kAs,245,202,189,112,90,78,223,151,159,132,124,122,215,135,144,111,72,67,157,112,99,195,152,135
kXjL_SZ28w8,229,194,185,100,67,58,201,145,157,124,109,113,204,93,139,136,105,105,169,137,136,202,168,165
Xacj0CgpEB8,230,189,164,116,90,78,209,116,120,99,79,78,218,119,140,141,97,88,169,124,113,196,155,140
dr5EkO3UKE8,209,162,148,55,35,32,198,120,133,77,55,61,196,110,126,112,82,84,142,106,102,172,131,124
TUXcN7Ze6vQ,190,159,148,94,75,61,171,109,124,111,111,117,170,97,99,104,59,52,147,92,78,196,153,136
5SyLWYGdYCs,149,121,96,20,21,22,120,83,69,35,34,31,132,72,76,96,70,62,135,105,92,194,167,143
bVblfOqIt3s,198,146,117,26,16,10,181,94,92,107,100,102,197,100,122,125,62,51,164,95,74,190,127,95
G0eRfUQlRlE,207,160,148,64,39,25,184,101,110,82,59,49,130,62,72,106,62,60,166,114,109,231,175,157
XCcMmNFNj8k,206,150,134,70,43,33,199,111,122,90,76,72,191,93,110,95,59,58,154,102,96,189,127,114
IQZjZ6m2G0I,228,155,136,72,30,27,206,84,94,102,68,68,213,34,47,141,47,47,193,84,73,225,127,106
2iof2BRZgjY,212,166,151,34,25,26,185,113,124,98,72,71,194,130,130,140,98,93,169,122,112,226,181,166
9yXIQFYIC5g,211,171,150,14,7,6,203,110,120,92,83,68,220,132,157,82,58,55,125,95,91,164,124,115
7GuTNY4EPfg,209,159,132,41,28,27,193,107,105,107,87,71,196,106,112,103,67,63,160,112,99,215,166,145
aLNfXBLPGnQ,181,135,116,19,19,18,174,116,122,59,40,40,115,32,57,138,88,64,184,140,120,198,159,156
3cwsianRdr0,165,111,101,28,22,22,148,75,82,69,46,43,159,87,89,75,47,60,117,69,79,147,91,98
yVgL8sJQxYo,223,183,188,201,89,149,198,114,141,95,90,104,87,188,231,102,52,57,158,103,106,218,185,192
d4Rq5vEXrko,230,180,180,32,20,21,218,131,150,116,88,92,241,98,125,116,71,74,167,112,114,242,190,192
0dxRGz2xR7U,201,152,142,104,71,66,189,121,128,110,71,67,195,125,137,104,67,65,149,102,96,171,124,117
6GH7DUfwh08,156,100,89,18,5,11,157,87,99,102,66,75,138,92,147,93,53,62,130,84,98,183,144,176
HtF-UWOwges,206,151,125,26,18,15,177,92,83,67,36,27,156,80,74,131,60,51,165,96,86,226,163,144
HL4FDvPfWyo,217,151,121,46,33,28,161,76,72,54,36,34,181,90,76,78,42,33,116,68,51,160,101,74
ioZ7--wy5D0,175,144,133,58,47,38,155,90,101,75,70,65,152,90,83,81,57,53,108,77,68,174,138,122
DvFrD7JJtdE,177,137,122,40,38,38,162,81,92,79,73,61,168,89,96,93,66,64,140,104,96,167,126,115
a-B4a-YoS1A,204,147,108,51,35,31,205,117,113,74,53,48,205,118,118,79,56,48,126,82,62,158,104,72
fwzyemJOvg8,145,87,70,16,17,19,161,97,97,84,58,56,162,75,63,85,49,46,128,72,66,190,126,101
7nHxmpGDdok,212,142,117,22,10,6,207,85,97,88,60,50,222,110,122,75,47,46,128,85,84,172,117,104
mcnP6MXNj7g,194,147,141,70,52,50,151,65,83,60,34,29,155,80,89,80,45,43,138,91,86,181,133,124
c7h72tbJdf8,180,128,113,50,46,45,159,88,96,64,47,42,167,92,96,104,70,62,141,95,80,202,153,138
O4P5VkpdtEY,185,136,126,101,74,70,139,70,91,68,41,43,169,106,111,66,41,50,103,72,76,152,116,115
5LCIVeBBW2M,230,191,185,82,63,55,211,125,149,98,70,61,190,62,90,143,98,100,183,142,144,206,168,168
Jl-PlG6PDcA,222,174,154,40,23,18,193,103,107,116,101,89,174,82,87,105,69,68,154,113,103,201,156,135
Yy9pqfs_s98,202,151,127,39,34,35,190,122,126,77,50,55,126,67,81,86,59,67,133,90,99,168,115,114
ze1TZ1BJeCE,189,127,117,67,45,44,169,76,94,64,39,46,191,80,97,119,71,66,151,95,89,197,134,122
8q6YgVdLYBQ,172,126,108,21,17,18,163,75,91,71,59,52,216,30,46,98,54,57,136,83,82,195,156,153
sSKJvQ2rjmk,160,100,83,26,25,27,137,84,81,65,52,54,154,59,59,73,44,45,117,69,64,184,127,103
8N2KQxHd5vg,223,181,161,43,30,25,196,124,129,122,112,105,207,92,108,114,67,63,172,123,114,237,202,187
15NMOAJBekg,197,146,146,76,43,41,181,96,109,82,55,56,174,100,111,90,57,63,144,85,91,168,107,109
BAdmRhpIoQM,222,170,157,43,20,13,214,122,134,114,78,71,218,141,149,179,121,109,195,143,127,206,156,145
xOgwRyw0zG0,198,163,151,37,24,21,186,109,122,76,67,71,173,98,115,102,67,64,146,100,96,197,164,159
NckLrc6T_uk,214,168,155,52,36,33,195,114,123,130,123,119,194,97,108,113,72,69,163,113,107,196,147,136
8n7C22qHYjQ,229,179,171,58,39,32,218,114,128,135,119,125,220,30,55,144,101,99,183,137,133,212,166,161
JtvWAPFMYwI,209,159,141,54,36,32,177,100,108,119,105,98,167,83,89,100,68,74,161,116,113,219,178,160
hlfv3KLHDGQ,217,185,176,41,35,36,168,88,100,79,52,48,205,114,134,153,100,94,186,136,127,236,208,197
zFz5diZd8hU,225,184,166,56,38,30,206,143,142,98,74,62,198,129,120,136,90,74,176,130,110,202,157,135
ESaNJi7H0gs,227,192,167,118,84,59,208,127,133,97,84,80,202,93,100,106,68,59,141,98,89,171,130,117
2Rf2iH_rTIo,175,105,85,44,28,28,154,79,76,58,31,27,151,56,56,91,38,33,117,54,46,188,117,102
ug2FuiST90s,165,110,110,48,25,26,156,95,105,58,46,59,155,89,105,90,58,62,117,71,66,169,121,114
BYV34Abg35c,203,146,126,38,26,22,173,102,97,49,35,31,163,83,82,86,51,44,140,86,76,172,114,100
_Rbk9rR05aI,190,133,118,54,38,43,165,84,98,66,44,53,156,77,84,109,69,64,135,88,78,159,107,93
R2nkI5xDzBU,204,155,123,41,24,16,200,118,116,114,111,113,192,129,118,90,39,32,140,71,53,179,110,80
8GGo4xliD9E,181,128,130,13,10,11,168,91,114,84,72,82,161,69,87,65,43,78,95,68,94,122,94,120
cbnxpO1wyQE,221,181,172,148,122,111,205,145,157,125,120,121,204,115,134,101,78,86,167,132,134,233,200,194
3sI9GBuedLI,231,189,177,50,42,43,205,119,131,129,99,91,219,115,119,107,70,64,160,117,104,200,151,136
h9jIGfv7FKA,217,166,153,35,31,34,206,92,119,74,61,61,198,114,128,82,58,58,135,84,74,169,112,98
NVuUOl_GunQ,207,155,137,35,23,20,199,119,124,93,73,64,200,138,141,85,60,54,134,89,74,162,117,99
ARYY1hWH2Og,198,152,134,31,13,13,187,96,108,89,66,59,189,77,109,116,72,61,157,109,92,184,137,118
_D7bRy5vP7s,220,175,152,69,45,38,204,138,135,90,61,46,192,49,64,104,72,61,156,112,96,187,142,119
5PAvVXEyx_c,209,185,159,48,43,35,185,124,118,96,84,62,182,112,120,81,67,63,130,109,102,167,143,130
-xFkM5zVyGk,220,175,168,78,54,42,204,139,141,100,67,55,159,79,89,154,116,103,188,146,127,202,163,149
8a4kJf63fSU,206,148,142,74,50,44,173,81,102,77,49,45,173,84,100,92,56,54,147,83,81,176,116,105
cjXTi5gr5js,193,154,130,71,41,25,154,90,94,53,36,27,187,124,128,80,59,54,132,101,91,175,146,134
6ZTv0SD0SQs,182,123,98,38,24,23,166,85,84,113,90,86,166,71,65,97,53,46,138,83,65,187,126,105
XTZ8E-ZA-QQ,217,165,149,30,23,20,209,108,119,92,62,59,214,142,139,139,83,74,184,119,107,204,142,128
ZiMWvIMvDck,211,165,145,33,20,16,183,100,109,106,91,85,167,78,81,100,60,52,151,104,91,176,131,114
R6NnMV1XNPY,150,116,107,92,75,61,134,76,89,82,83,95,163,43,80,80,40,43,117,67,62,163,125,111
10pn1m9I-Ng,77,46,37,0,0,0,103,46,40,43,32,29,103,44,38,52,31,22,84,60,52,108,77,68
cFz_yVPVzYk,222,194,195,65,52,52,209,165,177,94,72,83,214,144,174,117,90,97,177,137,148,202,172,174
jUEDhiTC1MQ,215,175,153,63,49,42,176,101,100,86,65,57,188,83,111,133,94,77,161,121,99,187,151,126
VD47yv2NfMw,201,125,102,27,21,15,197,93,82,94,55,36,173,89,77,72,49,37,111,77,61,147,97,76
5UcEoM1GBNU,198,164,154,69,51,45,182,122,132,93,72,73,199,80,90,120,87,87,154,117,112,175,137,132
7y_y0EYru4I,206,157,142,43,25,19,187,118,119,86,57,48,199,121,125,101,69,57,136,99,85,173,130,111
XpSZU4NYOTo,206,154,128,61,54,45,190,122,109,106,84,73,203,114,115,119,81,63,172,121,97,239,175,148
83FhP_6xn8M,158,128,118,92,77,60,145,94,100,77,84,97,179,96,108,93,52,41,123,74,60,187,142,126
Ga8TCC0GNNQ,185,129,108,60,45,43,161,97,79,74,52,52,167,103,85,88,57,53,111,74,68,139,95,83
yH64Nlwk_Vs,210,149,132,70,46,37,201,120,123,89,67,63,177,91,91,104,58,45,140,88,74,206,147,132
WxSFBA_0WIo,162,134,115,149,130,113,139,88,93,67,59,56,149,77,94,69,48,51,110,79,77,142,106,97
v20zpdJP8-s,219,161,150,161,132,112,186,101,116,101,75,74,116,81,85,106,58,52,155,90,77,227,171,149
_P5O2-mZEZs,175,140,125,72,58,42,158,101,106,76,71,67,157,87,86,91,59,50,131,90,76,158,114,98
uYcPmGKq6uM,185,147,139,97,70,52,156,104,103,101,93,100,159,76,106,78,58,63,126,97,98,179,150,150
qQR-Gl_Iqzs,196,118,102,2,2,2,183,98,111,89,74,76,190,128,135,99,86,84,141,111,99,199,166,151
Rp3w3rq2Gxk,129,72,47,48,21,12,129,71,54,53,31,24,136,50,39,52,27,16,81,41,23,134,90,63
djHFWA5fPrg,212,193,182,63,54,43,190,130,144,101,89,80,195,138,145,94,86,88,148,127,121,222,206,198
eATX104iwFc,218,168,133,19,6,4,211,113,119,120,90,72,155,42,65,87,44,39,138,87,73,174,124,105
7Dl3fiu2e0c,217,167,150,51,31,25,194,112,118,74,55,52,166,88,89,88,45,38,139,85,72,177,126,103
FYjRPXZiqnI,232,184,160,143,107,81,226,146,149,130,115,115,210,115,120,121,80,72,168,117,101,201,152,137
TZsRKxtyY_o,219,164,131,70,45,32,196,117,110,82,59,50,198,112,95,92,66,50,150,106,77,210,188,106
3vkfpi4I0FY,184,142,148,159,10,86,154,78,100,106,95,106,90,39,58,106,66,78,138,96,108,165,126,137
F5OB7-zDs60,224,178,159,83,63,55,208,132,140,96,75,77,223,133,163,112,81,76,158,109,105,188,139,132
yRHgw0GJCxo,217,193,177,75,69,54,195,124,132,101,88,67,225,103,131,138,90,80,189,136,120,206,168,149
RsAL1XzZ_Kw,218,156,134,22,18,19,206,107,114,86,74,81,187,77,86,105,55,52,141,77,69,183,110,93
azLyExIEiqw,158,114,86,15,17,23,163,115,116,57,46,52,177,136,115,68,53,41,170,135,96,188,161,133
TWrQQA9JggM,179,143,125,127,102,84,139,77,74,67,53,52,140,75,72,66,37,31,98,61,52,123,84,73
aZWC7lXP3dc,212,135,104,144,93,66,202,109,99,118,117,116,243,136,131,119,73,60,166,108,89,209,136,109
jhPiKPMayaE,183,146,126,34,32,28,135,85,79,60,47,43,154,94,79,99,70,58,144,108,89,216,182,161
EzH36fYmdKc,213,159,143,21,15,12,176,91,103,100,88,98,195,101,109,93,61,54,142,92,79,186,129,112
-lBtFk0jf2o,199,145,111,25,11,9,192,115,104,114,104,110,214,154,123,113,75,52,178,128,92,233,220,184
L1pxI06_qks,203,165,158,75,61,49,189,105,127,76,60,64,224,47,88,111,78,86,164,123,129,237,206,226
4PZP6PRSX78,193,152,150,117,103,87,176,104,121,98,100,103,180,141,142,86,59,55,140,104,96,187,158,148
xguRUMGhhbc,186,145,147,37,25,27,171,87,111,89,71,77,154,45,62,106,69,68,145,96,96,177,125,129
KDxo-n-fxas,190,162,132,80,51,28,150,88,92,43,34,38,176,51,78,101,84,71,147,125,111,186,162,145
rag0ie2V0j0,194,139,139,62,37,40,162,71,94,75,52,54,177,74,104,81,54,54,133,93,89,164,112,107
RuFenma7pXY,207,162,136,2,2,2,206,118,124,90,66,50,184,96,107,76,32,39,116,66,70,144,95,93
VenG_2vfM20,193,137,112,18,11,8,187,98,104,91,74,64,183,91,103,86,59,58,125,85,83,205,151,132
4ZP7ft-HZs0,211,147,141,92,66,52,171,74,89,77,52,53,174,24,49,121,58,54,164,91,86,220,149,143
zH8hw1zpd-8,196,149,124,124,98,94,178,109,105,81,61,60,171,105,98,99,82,78,146,106,94,165,134,122
2jXyYeBEIt8,218,160,126,42,25,28,203,108,103,119,91,76,205,119,113,112,63,50,169,110,90,223,177,152
H4j_wTACu3E,220,166,142,52,36,29,201,122,117,102,75,64,204,48,47,130,88,69,169,122,97,195,147,117
7dLtD2jzvfk,191,136,118,51,28,23,183,97,100,64,33,32,171,6,30,90,57,57,142,95,93,201,151,148
JzAMfkxaqKc,192,163,154,53,43,39,176,114,125,91,72,72,179,102,114,84,56,54,123,85,80,150,111,104
-jYX2hqowfg,224,179,162,94,65,55,197,110,116,118,103,98,214,131,138,85,49,58,145,101,103,191,147,136
uIhugq6uS8k,200,161,160,23,11,10,187,101,124,78,48,46,203,133,149,95,49,48,141,89,87,171,121,117
jwbggXSCe7c,232,192,177,113,70,41,217,154,157,111,99,105,131,35,57,80,75,80,126,123,128,182,154,175
1HRNWAH91mg,218,153,126,100,77,68,193,99,92,82,55,42,204,112,111,98,69,59,143,99,87,174,121,105
n3iJHcjak_M,214,168,132,19,10,10,204,119,111,118,96,72,206,109,110,95,58,50,144,98,78,180,131,100
6J0U0vAe-58,188,142,138,124,100,84,160,81,93,82,64,61,158,81,90,68,38,36,102,60,53,138,91,81
CW4F5YFqScQ,198,166,155,35,32,33,173,110,116,48,31,35,158,93,99,70,49,50,116,89,87,154,122,118
_TGYeRBbIpk,207,157,144,58,35,27,176,95,107,115,102,97,179,79,93,116,61,59,159,100,91,225,184,166
abwwwNwwNaU,202,147,132,48,30,25,166,82,96,79,56,48,147,71,78,86,47,42,135,81,73,171,114,104
sLxuQXdVN1A,214,169,144,59,43,35,182,94,98,106,81,64,190,44,48,116,72,67,156,117,100,204,169,149
NtWUSJq_cR0,237,198,194,125,101,84,223,157,168,136,148,162,199,150,166,98,77,79,139,113,113,180,149,144
D9XOUaMBIAU,224,167,150,107,74,58,203,120,127,88,55,57,215,136,133,101,75,74,154,109,95,188,139,119
6UPwgWgtL-8,173,126,108,27,21,21,135,68,63,64,48,40,134,56,47,70,41,34,123,85,75,189,154,148
-Tns8sWP19g,217,156,137,29,28,33,190,122,126,92,67,67,213,127,143,120,69,66,164,100,93,231,173,158
I0_0e87eWfk,180,147,131,25,19,19,153,95,95,72,55,47,141,65,81,68,43,46,112,82,79,147,115,106
0O92ED00h_I,195,157,142,53,39,37,162,91,99,62,45,53,185,109,126,89,56,58,133,85,87,170,118,115
NuBOOocVP3Y,218,190,171,88,82,75,203,147,151,113,101,86,201,131,138,121,85,76,170,137,118,233,213,193
fQv_pPlImbk,161,110,94,6,2,3,163,69,84,56,38,34,165,92,103,64,24,25,116,58,55,152,90,80
cK5M9lwJCDo,188,148,134,92,71,59,167,99,104,44,34,33,167,100,106,67,49,49,103,77,74,147,114,108
5FwyR36jiCE,209,150,135,38,25,23,195,101,110,115,91,92,208,155,147,133,115,107,176,151,142,209,182,171
3-J2_agZfDI,200,156,161,171,121,130,188,108,134,89,75,87,212,123,172,106,45,81,171,60,127,177,116,149
_jYhpx0anUU,235,192,184,95,76,71,212,133,144,113,90,86,206,118,133,146,102,95,180,138,131,208,169,160
3meszUFA9GI,226,203,185,96,88,85,209,155,160,117,101,91,195,117,129,120,99,96,154,129,119,178,154,143
8M2SN3CLQ7M,225,169,157,73,49,45,213,124,135,120,96,97,196,89,105,138,79,72,174,108,96,196,132,119
HC2v4nASl7c,233,192,151,54,35,20,211,131,114,136,115,78,211,126,117,91,51,42,152,98,81,197,140,109
-gYEaFxf1TE,190,141,114,43,37,26,180,113,102,81,66,48,198,102,119,121,88,70,153,115,93,180,136,109
5pwJF5vyPv0,189,131,103,19,6,4,173,76,77,82,64,52,181,111,105,40,27,35,96,65,64,157,106,87
9nEkQVKBHyw,222,175,180,63,44,51,209,136,160,140,125,142,127,44,92,99,40,57,170,97,116,213,165,180
kfwiDRHQEvU,208,160,146,68,41,24,181,98,105,72,46,38,191,105,115,94,56,57,147,83,86,222,175,159
0Z643fUBstY,215,162,142,22,6,5,188,91,101,114,93,79,207,48,85,87,47,45,135,86,74,170,117,101
JEhQUHo_wG8,149,94,79,19,15,16,149,87,93,64,46,51,140,42,55,67,45,44,104,70,66,135,83,69
hq0XHCzqpHo,211,160,140,35,23,20,193,114,120,99,71,60,154,37,72,105,71,61,155,116,98,185,145,124
8arfh4wq9mU,180,137,124,79,55,49,172,106,114,82,72,79,147,100,141,103,71,65,130,93,86,195,154,144
eWg6QDjpWmk,204,138,118,24,13,12,198,98,101,89,60,46,201,13,59,111,50,37,154,85,67,188,119,92
rzlfVcZHP7Y,206,163,150,175,162,140,195,109,125,96,89,89,196,110,120,93,54,56,145,96,94,180,131,124
xJWC1L241YU,203,156,138,36,23,18,178,93,101,119,108,100,138,79,80,103,67,56,148,103,87,219,180,157
aLGCxg4A8gM,195,136,115,47,34,31,187,90,102,91,68,62,193,104,113,80,50,48,128,78,70,175,115,102
r-kmm5MEEmc,233,169,133,31,21,19,223,133,119,98,90,87,219,72,114,101,62,52,143,91,70,168,113,93
er0k4E4JN-k,225,174,157,31,31,34,208,130,137,89,74,76,202,67,67,74,72,59,126,115,87,178,154,112
rsyOj1KchQg,203,170,163,116,96,79,188,132,148,115,113,117,192,102,121,136,101,102,171,133,128,225,202,202
ZEfYX1KlNbc,179,131,126,19,14,15,135,65,75,85,70,77,29,20,25,95,66,73,139,101,104,204,157,155
_WKHJS4mTFs,206,170,164,58,42,34,190,128,143,122,120,120,166,109,118,105,75,79,140,105,106,200,169,162
-sJcOt9lfE8,226,173,131,13,6,5,213,104,95,109,77,56,205,105,98,99,57,54,146,93,81,190,133,112
GLJKefkylns,195,149,131,22,6,5,181,87,100,82,59,50,177,98,109,83,46,56,138,90,90,186,136,126
kt-FFLSfSxg,236,189,162,60,52,45,220,135,131,106,72,62,218,148,131,101,69,63,89,116,163,161,107,92
XtB9QJAReeA,187,160,146,52,40,34,162,102,108,73,56,52,180,100,126,87,71,69,134,109,103,167,142,136
5_Hl-9kPchI,194,142,123,47,34,31,137,83,75,53,31,26,130,25,53,107,61,65,151,91,94,171,117,122
NV7s2iRyex0,192,141,129,60,39,31,163,79,90,101,88,84,166,59,74,95,58,53,141,97,85,172,129,111
Y11LL5K5rPE,205,142,141,55,31,27,180,88,105,81,52,51,160,79,92,90,54,54,130,81,80,201,141,134
BBpfySOf9Cs,222,203,186,50,43,37,208,153,157,117,109,95,215,149,172,146,130,128,189,169,160,208,189,180
LH0Loy7JR9Y,210,156,114,13,4,1,200,110,97,92,62,36,121,33,30,73,40,27,148,96,69,192,132,97
6Kv4lF6Q1AA,201,148,148,88,60,63,166,73,100,84,54,50,162,76,90,94,50,71,133,77,89,162,111,115
4_mAYym-W2g,155,95,83,40,29,29,159,64,82,61,33,37,134,52,64,79,38,38,108,53,50,149,90,82
1WHBnJsvM_U,192,148,130,44,36,37,189,137,136,129,113,110,184,144,149,95,80,86,115,114,127,203,173,161
iy4w-JwzGrA,112,79,68,3,2,8,92,63,60,73,58,58,118,76,70,122,88,80,158,116,104,219,180,159
_nOwAShhK_M,212,167,150,48,30,22,186,108,118,99,91,89,180,114,107,95,55,53,145,94,86,222,183,162
-p_JmDjr0Tk,208,160,156,48,35,37,189,115,132,83,61,58,201,97,114,123,77,76,162,111,110,227,182,181
RrFi8z0IKrg,171,137,114,78,63,46,164,126,114,79,85,96,153,113,106,64,51,53,105,85,83,177,157,151
7ebjl9tEvX0,219,170,158,48,33,30,195,104,121,121,104,100,191,107,114,80,59,64,152,118,117,228,192,179
AlhkQyP8Qa8,167,145,139,54,44,34,152,98,114,71,86,100,149,116,110,71,51,52,102,77,74,133,107,99
Uolsda48C2k,215,171,165,36,31,34,197,118,128,92,77,86,194,96,111,105,66,66,156,110,108,191,145,142
nrPfIxkLbVU,155,134,128,88,83,67,137,89,108,69,84,98,94,72,83,70,55,59,102,83,85,161,146,150
c-nRDXFwXTE,207,166,150,31,8,4,186,110,115,87,84,85,230,153,160,133,81,67,175,129,116,250,230,231
iSC65v7rBvU,184,136,117,41,25,12,168,95,90,75,48,35,149,70,58,92,55,29,131,87,58,158,114,86
9ctBhziFJhc,205,143,142,48,30,27,180,79,107,78,52,47,177,93,108,63,53,69,125,93,96,173,125,120
owiRabbd-ow,206,175,154,108,72,46,186,121,133,65,56,62,174,128,130,91,66,61,137,103,93,176,142,123
72ClsmFzWWo,185,173,159,57,82,68,169,109,116,46,43,40,237,146,160,124,91,91,195,137,137,236,187,177
AZaJHXBcBvk,180,145,137,173,142,135,153,86,99,80,56,43,157,63,75,127,93,87,164,134,123,179,148,138
az8Tzf4OyJY,198,163,151,59,50,49,199,118,138,97,105,110,206,132,158,77,65,73,127,103,106,168,138,134
rNu8KzS73WY,199,152,131,27,15,15,185,99,104,87,54,43,194,117,117,101,50,48,156,108,96,192,144,124
JMClWKtLndY,137,117,117,49,34,32,113,68,83,46,39,50,111,25,34,49,33,31,73,47,41,143,115,100
8j9VQ2S-mAA,176,121,104,75,54,48,132,73,70,63,37,36,84,13,29,89,49,41,118,71,60,180,131,117
Zmb4TIfRasY,205,154,147,67,43,35,178,96,110,109,96,88,174,90,100,81,51,41,144,105,87,219,184,165
4Ow7on5q-Lg,190,125,96,24,18,18,172,83,80,73,64,60,203,116,114,60,39,37,106,68,59,144,100,86
vmDv6mtvAVA,185,140,134,51,43,37,169,90,100,67,45,44,181,56,66,101,56,57,150,84,84,178,116,114
DP2ATUsbJq0,230,204,177,83,75,52,221,164,149,105,92,80,209,148,146,100,92,88,151,133,126,185,163,151
J4jNK48n_tM,218,182,175,112,91,74,205,139,153,119,114,109,203,118,141,116,81,82,162,117,114,194,150,145
YFftGjiw0iE,200,132,106,30,21,18,188,85,87,86,61,49,206,99,114,87,58,51,138,91,81,187,127,109
0oMlpgU5UwU,174,144,118,71,50,32,157,104,111,43,36,40,91,42,53,102,76,71,148,118,106,209,181,163
yhJK_ReuMCg,197,142,120,54,33,26,176,80,92,103,94,105,196,124,112,113,57,51,155,86,68,181,118,93
Zamx3ShgIpg,193,145,111,55,35,25,188,101,102,94,89,94,189,133,103,75,38,24,133,83,58,166,118,86
BDZ4xHFWc6Q,202,159,159,45,33,33,180,99,118,89,67,63,162,95,110,84,49,52,153,98,95,185,130,127
3DS5IC0Sj1g,168,107,89,61,39,30,156,72,80,96,90,96,157,83,88,69,45,38,117,76,59,157,113,87
OMvhp7EFXy8,199,165,157,115,92,70,181,116,127,108,105,104,179,104,113,125,89,84,147,108,103,179,138,129
yFYHYMMx1zs,210,189,178,40,34,31,184,123,132,105,90,92,191,128,141,76,64,65,144,120,114,167,144,133
2yNb27Vi4hk,186,155,152,16,10,11,163,112,125,83,82,89,174,107,116,92,58,53,129,91,86,157,123,121
vPfhE6Blsv0,177,127,110,32,28,27,163,92,94,83,73,67,160,92,96,77,58,53,122,87,78,154,113,99
pGZPCsiTVeQ,221,156,119,40,39,38,220,157,136,92,62,57,220,144,127,139,93,76,215,157,127,239,183,157
iknfTqNl27s,167,135,114,89,75,65,149,95,97,66,71,64,189,69,67,78,68,67,114,96,90,145,118,107
DypFM7PPOSM,171,116,94,19,15,14,143,82,77,82,70,61,175,60,88,87,63,58,123,88,79,148,106,91
qtXLBcplNJ0,218,156,132,82,58,45,176,100,96,88,65,57,181,100,106,131,84,72,169,111,96,188,129,115
E4fAb5JbcMw,210,164,126,29,24,27,213,148,142,63,51,54,143,83,83,91,74,83,147,101,103,188,135,124
fNFNWb-EfXI,228,196,172,60,47,43,221,159,158,73,52,48,224,165,156,91,74,74,151,123,119,203,164,150
vc5e1Zl0PWI,158,112,109,27,20,22,154,103,118,58,46,59,158,90,99,77,55,61,113,83,84,165,120,118
R8-TpjfdRJ0,176,135,114,27,18,16,162,84,94,91,88,101,165,89,85,81,33,27,119,58,44,148,85,65
2j4xRkRcThE,217,155,146,34,17,15,196,101,112,91,67,66,196,64,87,66,21,19,108,50,43,148,85,75
8gHURYmTzFs,227,175,158,45,33,37,205,119,124,73,45,46,209,116,120,176,120,103,199,143,125,234,189,173
8W29fPyz638,186,136,122,141,91,80,170,79,88,107,82,75,159,70,89,106,68,64,154,114,109,170,135,134
aT15Ewhwlng,222,174,164,53,34,29,198,106,119,117,98,101,188,104,111,124,76,72,187,130,113,232,191,172
SC8sxr2tU9g,148,89,78,13,13,13,135,70,75,52,32,38,167,34,60,113,66,62,175,115,104,188,139,134
zPVffPRHHnU,193,144,139,2,2,2,190,114,131,89,81,88,178,96,112,64,46,50,110,79,79,192,158,148
JxdaksM5olg,198,151,126,38,30,23,174,95,94,70,51,45,169,101,92,89,69,55,139,108,88,161,127,104
RYLzE4D1N8E,179,137,130,111,74,63,170,107,115,116,98,97,146,26,56,123,69,64,144,91,86,162,116,111
QKhg9ryqwqw,229,156,147,47,28,23,192,81,115,90,57,54,184,94,111,100,59,58,150,95,94,185,124,118
Z7MFq31C81M,204,177,159,81,69,51,194,158,161,122,130,127,181,124,120,85,64,50,128,100,83,156,128,103
YbKbuhyP__g,224,182,167,46,33,30,213,150,158,104,78,72,218,127,145,168,110,100,199,142,130,230,189,180
uHpOdhhbG_Y,237,198,193,174,161,156,216,137,150,89,71,73,220,126,143,115,70,68,149,99,96,184,133,129
7pSlH7bMP7k,205,161,140,54,31,23,172,99,102,55,35,38,146,34,49,76,53,47,120,88,74,158,123,105
G5Dq7y-CQEc,207,149,137,48,32,32,191,105,113,90,70,70,186,98,106,127,62,59,165,100,90,215,156,140
cX8xAzdLyJA,228,193,188,82,75,75,228,164,178,143,144,152,220,166,179,97,84,85,159,131,127,192,168,157
YjfGuIgpGR0,188,156,130,79,50,36,162,104,107,67,65,59,172,97,132,90,69,62,137,110,99,165,135,121
XKOhX8Dgh-s,189,149,142,21,8,6,178,95,107,89,84,89,197,96,112,88,53,54,132,82,77,165,113,101
Ha5MmMaGUYE,215,159,152,69,40,36,209,99,124,106,85,80,208,92,122,80,54,66,129,90,103,178,133,142
nt47Dv1winE,193,151,134,75,55,52,176,114,118,88,60,59,178,111,115,119,84,80,145,103,97,160,120,109
hreGatWkrmE,203,144,125,117,89,64,163,95,88,82,65,50,157,92,81,109,75,63,149,106,87,172,125,105
ROQqsf5y7NQ,182,144,136,94,72,56,173,110,123,107,108,119,158,113,108,75,58,61,122,94,91,185,169,175
xhhyrey5weo,207,129,108,52,38,34,191,70,77,69,55,54,207,100,118,115,58,45,169,108,90,242,167,144
lydutETMTtU,125,79,62,27,26,28,134,76,88,50,36,39,96,43,53,99,59,45,151,111,97,171,135,117
RpuAkWG2DUQ,223,173,142,48,24,25,210,111,116,126,97,73,208,109,118,117,78,74,162,106,96,194,136,117
-r5dS8oG7lQ,183,130,127,49,31,24,158,71,89,71,50,46,170,73,95,100,70,67,146,100,94,205,147,133
80RUnZB41Fk,209,178,170,82,62,51,195,137,150,123,118,119,162,92,105,71,47,46,112,82,80,143,111,107
NrA8U_xLeqg,222,170,156,55,33,27,198,108,120,127,108,97,86,12,30,91,47,44,153,100,87,227,183,163
_kBPRzINGGg,167,135,139,108,74,82,148,85,115,77,67,85,109,29,61,97,69,75,114,85,90,150,120,121
dUeNZndMAJw,154,104,94,54,40,38,199,126,124,91,68,68,210,66,78,96,83,92,190,126,121,170,140,171
3-Ig23IProY,191,152,144,152,143,123,178,112,121,73,70,83,184,114,119,68,44,43,116,84,79,158,121,113
-HyvI7hFM8M,168,132,119,71,57,48,161,104,110,81,97,113,100,56,58,94,68,60,137,104,95,233,210,204
xUcl87n3YqU,193,137,132,73,51,46,163,63,83,77,43,38,87,32,35,96,46,49,135,76,76,167,106,103
hxsRjywU-m8,236,195,178,73,45,34,224,145,163,131,98,91,227,72,110,137,87,76,172,121,108,196,150,132
J3CDwdpg27E,191,155,148,68,40,28,182,122,134,84,82,88,186,115,122,100,66,63,155,108,95,211,171,152
2Z3c0i5wmOU,208,146,128,74,48,43,194,117,124,87,60,59,148,67,68,77,46,47,115,71,71,156,97,95
IoHFnHiG24Y,218,183,164,67,45,38,198,126,133,74,59,63,220,114,147,130,98,84,187,147,133,225,183,163
Z6A_EG9TbQY,188,156,149,47,35,29,171,109,126,93,87,85,166,100,108,90,60,54,132,95,81,163,125,111
ndqu5rfb9Mw,154,97,66,126,91,66,153,107,81,69,56,51,116,45,51,88,58,47,133,83,57,222,171,134
otAfTPnR-pM,210,143,134,55,35,32,178,85,106,81,54,52,151,71,83,97,45,48,161,95,96,215,150,140
Yi_ZHBpKmvE,226,175,146,60,40,36,216,108,124,111,86,76,215,111,123,121,80,73,176,121,104,209,150,125
Z46WcOeJuHM,197,131,119,33,21,23,180,71,82,86,62,57,229,26,48,79,45,47,148,95,99,193,129,131
rXaSgWrjjFs,200,156,149,78,54,46,192,127,135,114,77,72,191,118,129,122,85,83,161,118,112,182,140,133
7oF_ZsnAq6s,166,120,97,83,70,57,144,78,74,56,45,45,143,78,73,92,57,46,125,88,69,190,150,121
4fozMxAxub0,208,161,145,62,37,28,178,93,105,110,96,88,152,9,69,111,74,68,153,110,93,183,138,115
BgkKRZuidLM,200,152,141,65,38,23,170,93,98,70,46,34,168,91,98,80,52,46,136,94,83,215,166,145
BJ1RpkPLEPU,182,142,123,60,45,44,135,70,75,72,52,47,130,31,51,113,60,55,145,97,83,173,128,113
ZNhYVYP5zSk,174,123,117,76,53,47,155,90,100,57,42,42,191,33,55,93,54,58,85,102,104,198,148,143
VEn-_Xgi0cs,221,161,126,56,45,32,203,129,114,77,56,44,195,104,99,105,76,57,156,112,83,188,136,104
gM_KrInVCWU,193,149,138,22,10,8,180,96,113,78,70,72,184,111,119,60,35,52,122,79,92,162,117,119
UMgTXdTQy0k,198,149,136,34,22,22,176,90,101,69,57,54,172,95,104,94,50,45,125,74,61,159,107,93
hoh4_oaFzMc,235,189,146,59,46,40,199,117,108,86,67,65,205,138,143,133,108,104,183,145,137,237,207,203
3uKCafbvtr8,154,126,126,89,86,75,136,75,102,73,80,96,144,99,112,75,48,51,121,85,78,181,161,155
upfasWOsm_o,244,193,177,70,43,34,232,156,159,125,98,88,231,131,156,122,75,71,161,109,95,190,137,122
E8UifL-g3YQ,195,140,125,25,25,23,176,83,96,72,51,49,187,32,32,114,82,74,181,130,109,218,182,168
hoqv96th6Lo,209,159,132,97,77,55,199,111,104,77,55,43,158,30,30,130,85,71,162,115,94,242,202,181
bkx4yLvlOFs,205,150,158,178,34,89,174,66,97,120,97,112,134,38,76,94,42,44,173,119,126,244,224,231
dgb0NarQPD8,179,128,117,29,23,25,176,83,101,82,81,92,204,140,144,98,69,67,148,112,104,202,166,156
pcmbmC9cUUY,192,155,159,69,50,54,162,96,120,96,96,119,125,62,83,89,58,72,137,98,112,229,201,214
kEMDyXnF3OQ,174,113,97,25,19,31,145,58,68,94,85,92,146,73,77,65,36,33,107,66,58,143,94,78
BtyGENZYTLI,208,156,146,64,40,32,179,90,105,102,83,76,180,93,102,95,61,61,154,106,95,230,189,170
oxZiggcT9X8,169,118,109,113,85,76,140,56,80,74,50,50,151,33,65,106,45,42,138,70,62,179,118,108
SkKkMhVhtK0,212,185,166,69,68,60,196,130,135,108,95,78,213,138,149,111,97,89,162,141,122,194,170,145
yYzbCfHLuN8,221,176,157,34,17,11,210,141,139,86,55,50,218,130,120,126,69,64,167,104,94,203,141,127
QTgAu9R6Yjo,240,202,192,95,80,74,219,144,153,109,88,83,221,150,167,118,83,88,164,126,127,201,161,158
N7C5T055Ku0,216,174,164,28,19,14,193,121,137,91,65,58,226,70,185,114,79,65,158,117,101,189,146,132
Nbie1amOVRw,233,179,158,49,29,23,222,137,140,106,77,70,226,111,122,139,93,76,185,135,117,210,162,143
vRe1tOGFJWI,216,181,176,103,88,74,196,132,147,92,87,86,188,105,132,93,64,64,142,104,104,179,139,137
VUrSTjAwsuA,218,171,165,63,46,29,208,131,149,95,70,64,188,19,38,70,53,45,132,100,95,173,131,122
M4CY8zu-fYQ,217,173,166,43,36,38,199,122,129,85,69,80,195,69,94,120,79,76,182,134,131,210,164,159
1TM5u4BZAY0,215,170,153,56,35,29,192,91,115,119,102,98,177,84,97,99,43,58,167,97,99,220,179,161
52Of8W31wtU,218,159,145,52,33,31,215,93,117,107,82,75,214,115,127,95,57,59,151,101,98,226,172,173
Iib7m9K6dCo,207,163,148,57,38,28,186,103,112,76,55,46,226,40,98,118,85,82,161,120,113,185,142,133
m3wBOT5Ejdk,213,165,147,41,26,22,184,96,110,105,97,96,183,97,102,84,36,36,131,75,69,227,188,169
8Req4NCkNi8,213,176,158,56,48,47,193,109,118,96,80,69,219,112,135,83,52,56,139,85,80,172,112,104
dUsHMaQJRYI,219,156,135,102,60,47,198,105,107,82,52,48,186,100,94,111,59,56,161,87,76,214,147,128
3ouFRSsZTtA,219,170,156,40,25,22,198,116,129,117,99,91,179,92,103,111,55,59,175,113,110,236,195,178
yvvey9AGZSI,170,132,115,76,60,43,159,86,99,78,75,69,153,90,95,90,58,56,122,84,79,148,105,98
7pWoq1YHBaU,229,186,168,72,43,30,219,139,146,107,73,64,220,53,72,128,81,66,181,128,110,204,154,134
Wm1Q-Q-OoNI,183,130,112,32,19,13,144,61,60,45,20,14,141,47,50,101,48,30,136,87,72,183,146,131
QVZ7PEelwDI,209,166,146,38,25,21,178,95,107,114,106,104,186,100,106,118,57,59,172,106,96,192,138,123
_mJ9BGFxZMA,210,161,145,48,28,22,186,100,108,106,90,81,165,74,97,93,52,46,146,95,82,225,182,158
JMQdNfeRFGM,229,175,145,52,32,27,216,120,118,86,53,42,220,139,124,111,81,96,166,114,115,231,199,195
JMgGXBSybXE,197,139,122,34,25,23,183,100,107,94,74,66,196,93,112,96,63,51,128,85,70,151,103,87
3RqaaP2V3PA,175,132,114,94,76,54,160,94,100,79,72,67,151,68,73,81,55,50,123,89,83,200,162,155
nF7AkGDIX9Q,166,128,111,48,36,25,161,97,97,108,100,88,190,125,130,105,75,68,143,106,98,209,175,175
YyEgmqceZuk,208,154,152,32,19,26,198,83,117,96,73,72,218,92,123,69,34,43,128,76,78,169,115,120
tcMG8A8wq9M,209,173,165,99,80,61,200,138,149,119,116,115,205,141,146,161,117,109,186,136,122,219,172,157
8Lw__RZcYZ8,128,89,77,34,30,31,123,66,77,72,62,65,127,80,77,81,54,54,133,98,88,148,117,103
EbuCLC_wVlM,219,155,139,28,25,28,164,88,97,66,55,56,204,117,117,112,67,63,149,95,85,186,125,112
WxlcMB6lvHE,235,165,140,54,32,31,204,110,110,103,76,73,217,123,121,138,79,72,207,136,125,229,157,141
8bed9Tbt2tw,201,151,131,53,42,34,183,115,117,102,84,77,175,107,115,95,70,59,130,96,83,157,118,100
-CkFnkf5ivw,190,141,119,18,12,3,170,81,75,100,70,47,139,40,105,89,52,36,141,89,75,173,124,110
bUFsMHMiUcA,174,138,125,24,19,20,137,92,91,63,46,46,149,105,99,97,71,63,155,122,111,231,195,177
4DbQk8dNJdY,206,142,138,83,59,61,160,57,82,86,54,49,178,89,117,109,56,93,164,83,113,178,119,123
7rpM0PdKvIg,209,154,128,22,7,6,187,98,102,114,106,115,198,129,105,98,49,40,155,96,77,221,170,131
nXzac6mblNs,186,137,130,34,26,29,177,96,110,42,25,28,138,76,84,78,45,50,126,74,75,157,106,96
KBxIWhGFiYY,224,184,175,94,79,71,211,142,157,128,122,122,169,94,114,89,69,69,127,99,96,159,125,117
2gOtXiUzB58,218,185,179,155,135,118,211,141,158,123,113,114,200,130,145,108,74,68,149,112,102,175,140,131
_lXadyiQGuQ,210,155,149,18,14,16,187,101,114,105,86,87,192,103,114,102,56,52,139,87,82,173,116,106
WneaHMzgurk,213,137,128,59,33,13,190,98,98,86,43,38,199,100,95,141,75,64,169,98,90,195,121,112
Bn6rIMLtG1c,237,193,183,77,65,58,231,160,171,127,117,123,238,160,168,108,81,91,160,127,134,208,169,174
fuTPnV8LIZs,172,118,93,65,52,48,174,108,104,64,57,57,129,50,64,74,62,65,121,89,79,199,147,116
ZsH-JjxHiEE,203,141,127,51,34,27,166,82,103,71,52,50,152,77,85,98,56,53,148,90,85,208,149,134
D3JoR65FxtM,184,131,115,45,43,42,165,98,102,73,58,61,172,100,106,124,80,77,157,108,103,211,163,145
2R4pwD5bP3U,208,170,151,195,187,169,194,137,130,110,103,87,194,134,120,143,117,95,174,143,117,194,161,135
NbjoRzLqLJw,236,182,147,47,38,33,230,155,139,133,104,87,218,144,126,109,72,61,162,115,92,196,149,122
_9C_XThND6o,180,123,131,32,21,25,165,109,122,91,59,65,153,90,106,85,59,66,117,82,90,179,129,140
A28JZXceXp8,214,175,160,98,65,50,207,151,154,126,110,112,202,143,141,77,76,80,126,124,124,185,157,149
vg6GZisIOYs,215,171,144,45,28,20,198,127,120,106,78,64,223,74,63,108,70,55,161,117,93,192,146,121
DgYgonZ4paw,226,144,112,131,75,52,210,106,95,127,104,92,229,130,109,144,77,52,181,109,82,207,128,94
1M2gRJf-Y7M,226,184,168,50,38,35,204,122,135,79,71,73,205,112,124,121,86,75,169,127,111,210,170,149
0SpEUtAWf-o,185,157,134,80,52,29,151,108,113,40,34,37,143,27,42,89,74,70,128,110,104,155,133,126
kBbAzY57baU,171,82,49,2,2,2,147,61,39,73,33,19,140,57,38,76,35,20,108,53,29,177,100,67
9CKa8dVWL1o,198,141,131,139,105,93,168,82,97,84,70,77,180,93,107,136,48,63,139,93,94,177,81,97
Ly235otZkhk,218,175,142,72,55,47,195,93,97,113,94,69,208,121,111,67,43,33,136,93,65,188,144,107
KBGvJY0Y5mU,204,152,135,27,14,11,173,87,97,105,96,93,183,97,100,98,62,55,158,116,99,223,181,159
YECNsH_ruwQ,189,149,122,25,22,16,166,107,103,85,74,60,168,105,100,72,53,42,122,90,76,155,117,99
LglTMWbP7SI,185,126,117,70,37,40,158,71,89,68,44,42,154,67,84,127,55,94,199,58,129,197,141,138
OQg_65BgguY,206,154,127,114,80,57,194,119,116,81,61,57,190,120,115,47,39,39,99,79,79,155,117,113
yoHvwlOufSo,172,122,101,29,23,16,144,51,58,61,63,67,193,113,96,119,53,40,162,80,57,184,101,68
-D6i2yXBHic,203,158,153,44,24,22,193,110,127,82,50,47,197,108,122,111,60,60,160,98,94,190,132,130
y7KZBz7JY7M,232,204,191,87,70,56,218,150,168,85,66,58,215,139,164,120,92,81,174,139,124,202,168,150
wl4s6jLgxYU,214,152,150,61,37,34,189,89,116,96,65,62,173,85,115,107,59,73,148,85,101,180,119,126
9FixUi7LhL0,190,144,136,6,2,3,187,117,127,78,76,80,179,82,107,85,61,65,123,87,87,201,167,159
ym67JJ1rPlg,166,117,100,112,72,57,146,75,76,62,40,39,175,112,120,98,63,60,137,98,92,169,129,122
dwbD2Z0iacw,209,162,134,57,41,38,190,123,121,87,64,56,187,102,102,114,67,57,157,98,78,185,127,103
5zjTFsFXR90,197,143,134,27,15,13,176,80,92,88,56,46,157,64,79,104,57,54,138,88,82,167,114,106
kbl1Jdvlj6E,182,144,120,42,26,30,167,108,97,57,29,22,166,99,97,70,49,95,121,86,80,154,115,92
Yl0qZXr89Ps,223,154,137,58,31,29,186,89,101,78,48,53,192,109,128,82,41,37,130,79,74,168,118,114
CmGH4uAw0Pw,220,162,136,67,37,27,207,129,119,108,64,56,210,111,116,101,59,62,158,106,102,201,146,133
qFSRRHRv6DI,198,166,150,72,54,40,188,132,137,99,89,81,172,93,88,123,85,74,155,110,94,196,161,147
X6fiY9QY0uM,191,142,139,55,37,38,172,97,112,90,66,63,189,38,130,122,72,75,147,92,93,194,142,143
cmMVtjKQD7g,169,134,125,50,35,29,150,91,102,83,87,93,168,77,89,109,56,53,144,89,83,171,125,110
fQ12vx410Hg,192,161,152,69,58,46,179,116,126,107,106,102,157,102,102,88,69,68,149,120,111,210,186,173
ORnCnxu8LqQ,217,172,147,135,101,82,201,132,124,112,69,59,200,117,110,122,79,71,161,110,94,189,137,116
4CA-1LsjXHU,163,142,142,55,49,41,150,108,129,83,89,103,164,129,139,86,75,73,122,108,99,174,159,152
E5gFmU81dMw,182,113,105,51,31,28,167,78,91,86,62,57,173,81,86,66,35,37,101,58,58,128,76,75
n5mrSKd0Wbg,212,164,127,33,19,16,197,107,98,106,87,63,214,116,115,114,67,55,161,105,82,223,179,144
1kv7EjQ3wsU,206,149,144,61,37,32,180,86,113,91,62,62,180,86,115,126,79,81,153,104,105,185,131,131
UEtK9a-SSZs,236,192,174,93,58,38,218,152,156,115,82,69,225,160,151,119,84,72,167,120,98,196,145,117
8xJ5kD6Y7gk,194,168,161,27,22,21,176,123,133,86,93,95,175,104,115,85,60,62,131,95,91,160,121,114
Vx39cxFfkes,210,159,146,52,34,30,188,108,119,104,87,81,170,76,79,101,49,42,154,89,73,189,125,101
_7IkyU0mPwQ,216,167,151,49,33,25,202,126,130,110,85,75,202,119,125,137,85,71,166,114,96,195,146,126
Axk49ElTjJk,178,139,127,69,54,42,162,102,108,84,81,75,188,114,128,96,72,68,134,105,102,165,133,127
RXeOO74Z0Sk,204,192,234,14,9,22,191,143,205,58,42,76,216,134,206,120,88,133,164,134,185,243,239,255
7dVT6Emo2MY,208,184,172,84,62,68,186,126,140,75,68,76,146,81,103,112,94,95,146,119,116,199,181,172
tGLF5vN5vhc,151,99,75,43,27,30,-1,-1,-1,56,35,35,138,63,63,61,30,34,94,55,53,170,126,103
LIncbOQ5wac,171,136,135,53,46,49,164,105,115,73,64,73,164,97,96,78,47,52,117,76,74,195,137,135
9XP1Vs9Hz4E,185,145,150,166,24,74,163,82,106,79,72,74,157,69,79,60,47,47,104,80,78,147,116,114
3Fsr03XiP6E,210,164,159,84,60,55,194,126,135,92,66,70,156,68,80,86,55,51,127,82,76,161,110,99
isaP1vG9-lg,206,163,155,73,60,49,185,109,124,131,127,134,179,99,107,91,61,67,152,108,110,225,183,182
2IuMZon_i7A,222,185,171,61,38,33,200,130,137,91,75,81,141,84,91,64,42,39,105,77,72,129,94,84
UjerNr0F2Bw,221,182,159,118,90,66,186,113,117,103,100,93,231,149,158,122,79,69,166,119,109,208,161,145
HEfI5Mh18xA,152,104,93,57,50,53,154,84,94,79,63,69,140,61,74,103,65,60,136,93,88,185,144,142
x4uAvLBpV5o,215,166,145,47,27,21,201,133,131,98,74,65,197,79,122,153,98,69,185,133,101,206,157,127
O1EGDdgLpsY,226,179,165,101,75,70,212,132,151,112,85,91,222,138,160,87,59,75,128,97,111,161,129,140
QiRa8xzj8IU,174,125,102,53,46,72,158,92,79,73,41,29,153,94,68,83,49,27,118,82,54,172,133,101
WlB5yFft-OU,223,175,139,10,2,2,206,102,101,120,100,72,217,102,113,86,56,45,142,93,71,180,128,100
0j2LAhg96DA,198,160,147,66,43,33,171,108,114,93,84,81,173,103,107,80,55,57,121,88,85,162,123,116
AOFx8BQtHpw,184,154,153,179,165,167,153,102,117,91,83,85,154,101,119,107,78,76,137,106,104,166,133,129
MCiLt6rBFaE,208,161,143,34,22,18,185,107,114,113,99,92,201,115,118,114,66,60,165,111,98,237,201,182
vt_TSK8zep8,198,165,164,34,27,26,185,133,144,92,93,96,168,92,102,95,73,72,160,123,115,182,146,135
JXedU8X0J3Q,206,159,147,29,21,18,179,95,107,79,67,63,161,77,86,119,54,58,174,105,97,214,173,151
VvacGl4lN9w,204,145,135,57,34,27,172,77,96,70,43,39,124,12,37,103,55,49,137,84,78,163,110,102
B5yEqKTK8Is,229,177,162,55,33,23,215,132,140,103,68,60,239,97,98,117,85,77,171,125,108,214,166,149
0m01JtYkV_c,206,158,144,40,25,22,182,94,107,78,55,50,188,87,92,103,50,45,156,90,79,227,185,167
AAJfj5uTvv0,228,188,167,74,52,47,204,147,144,105,83,84,197,111,111,121,76,69,176,123,109,207,162,143
Ip-1_5u2wgs,207,161,137,34,20,14,183,112,110,80,57,47,197,64,83,98,65,56,143,98,81,172,126,106
0KChfqqX3D8,209,165,150,50,30,23,185,103,115,95,81,78,175,97,100,111,70,64,162,115,105,189,145,129
dBln4tt8PTA,223,163,155,27,20,23,211,114,133,103,82,81,224,84,127,153,88,79,181,120,110,240,182,182
l-hcNzSkGJc,219,160,144,24,8,10,214,83,114,88,60,55,127,41,54,109,50,47,146,82,77,176,110,101
qKnCpHOg3Yc,156,116,96,17,15,15,125,59,63,58,42,42,106,33,39,65,43,40,102,72,67,140,97,87
0qrGH5_MZGY,185,138,108,34,31,23,171,103,95,67,50,34,165,100,95,75,56,47,115,87,76,191,143,123
ykr_sIVPVHg,217,172,145,40,24,18,191,133,126,101,69,57,218,148,148,83,65,60,139,109,97,195,156,138
ufAUIRqCHhQ,219,175,154,43,22,22,218,145,147,108,93,87,193,115,127,60,24,40,117,65,76,153,97,105
_4DrLMxFI4s,213,186,162,69,64,54,194,127,125,114,103,82,190,126,126,88,69,62,136,104,91,177,143,124
_h8zAorV1iA,213,163,144,36,19,14,186,100,108,107,91,81,190,99,107,102,83,76,160,132,120,232,191,172
E5Pfh2tbCww,173,127,88,40,26,14,164,100,84,65,51,48,145,76,66,94,55,40,137,83,58,173,133,97
lokFoo_QD8c,235,168,160,56,44,42,215,102,119,100,80,82,211,46,76,105,60,64,153,99,99,189,128,122
dZ_nSF7IOpQ,153,109,78,16,13,12,141,57,59,93,67,58,145,56,72,75,31,31,121,62,57,167,125,102
TMyrpVUoEw8,219,165,138,63,41,30,218,140,133,96,86,75,236,159,145,145,89,69,187,126,103,204,159,138
RRF0hXLRApY,217,178,144,69,51,43,200,115,122,80,57,53,207,134,143,110,74,68,150,110,98,183,145,127
B8wmKamfPkk,177,144,126,61,46,35,155,105,111,56,48,43,169,108,107,106,71,61,136,99,87,167,129,112
ZBgzruKIrGU,232,184,160,61,40,32,220,150,153,110,83,75,231,145,148,139,84,66,167,111,91,209,150,125
WX_CQq5K35E,240,200,184,146,119,104,222,153,164,122,120,120,218,141,132,128,91,83,180,137,126,216,166,149
iLX8ExbNIZU,198,152,136,15,6,9,196,110,121,96,75,67,96,23,42,106,61,70,145,95,99,213,170,164
E21eL9W7fVg,224,189,173,30,27,34,194,113,129,99,89,88,184,125,114,74,52,45,146,112,95,200,163,140
G_rTFxeGGNM,215,162,136,10,2,2,205,114,123,110,93,77,184,7,50,119,73,62,182,123,105,246,217,204
6Nr1z7PGOZc,218,164,137,27,10,6,210,125,127,122,118,125,203,142,107,95,51,35,156,102,68,209,166,121
Zf1R3l7ihsI,205,156,143,46,31,26,176,97,108,115,100,93,186,84,95,117,50,48,163,92,83,192,134,117
KRZuxSEN0HM,154,93,68,46,27,20,158,76,78,58,41,40,164,82,83,85,49,40,118,73,54,168,109,85
3ODmwOXVjfk,208,159,134,31,18,12,181,104,103,93,64,53,178,100,98,128,86,76,160,114,96,180,133,111
MbxC1ZGsA3M,209,164,145,39,25,22,181,96,104,90,71,61,176,81,86,113,58,50,155,98,83,189,137,116
6XyACOs0xiA,211,144,183,25,17,27,211,97,155,119,93,125,171,99,134,72,50,74,114,80,105,196,148,182
JR7lx_kbV88,227,168,147,161,125,105,214,140,145,136,112,109,153,67,75,124,59,55,180,105,87,233,176,153
6PBoulQg5QA,227,160,144,56,27,23,209,97,107,126,94,87,208,102,111,95,51,54,150,91,86,191,123,110
